brown,brown,brown,yellow,brown,green,green,green,green,red,red,white,yellow,purple,orange,yellow,yellow,orange,red,purple,white,purple,purple,white,white,orange,orange
brown,brown,brown,orange,brown,green,green,green,green,red,red,white,orange,purple,yellow,orange,orange,yellow,red,purple,white,purple,purple,white,white,yellow,yellow
brown,brown,brown,white,brown,green,green,green,green,red,yellow,yellow,red,purple,orange,white,white,orange,red,purple,yellow,purple,purple,yellow,white,orange,orange
brown,brown,brown,white,brown,green,green,green,green,red,orange,orange,red,purple,yellow,white,white,yellow,red,purple,orange,purple,purple,orange,white,yellow,yellow
brown,brown,brown,yellow,brown,green,green,green,green,white,red,red,yellow,purple,orange,yellow,yellow,orange,white,purple,red,purple,purple,white,white,orange,orange
brown,brown,brown,orange,brown,green,green,green,green,white,red,red,orange,purple,yellow,orange,orange,yellow,white,purple,red,purple,purple,white,white,yellow,yellow
brown,brown,brown,white,brown,green,green,green,green,white,yellow,yellow,red,purple,orange,red,red,orange,white,purple,yellow,purple,purple,yellow,white,orange,orange
brown,brown,brown,white,brown,green,green,green,green,white,orange,orange,red,purple,yellow,red,red,yellow,white,purple,orange,purple,purple,orange,white,yellow,yellow
brown,brown,brown,white,brown,green,green,green,green,white,yellow,yellow,red,purple,orange,red,white,orange,white,purple,yellow,purple,purple,yellow,red,orange,orange
brown,brown,brown,white,brown,green,green,green,green,white,orange,orange,red,purple,yellow,red,white,yellow,white,purple,orange,purple,purple,orange,red,yellow,yellow
brown,brown,brown,yellow,brown,green,green,green,green,white,orange,orange,yellow,purple,red,yellow,yellow,red,white,purple,orange,purple,purple,orange,white,white,red
brown,brown,brown,orange,brown,green,green,green,green,white,yellow,yellow,orange,purple,red,orange,orange,red,white,purple,yellow,purple,purple,yellow,white,white,red
brown,brown,brown,white,brown,green,green,green,green,white,yellow,yellow,orange,purple,red,orange,orange,red,white,purple,yellow,purple,purple,yellow,white,orange,red
brown,brown,brown,white,brown,green,green,green,green,white,orange,orange,yellow,purple,red,yellow,yellow,red,white,purple,orange,purple,purple,orange,white,yellow,red
brown,brown,brown,white,brown,green,green,green,green,white,yellow,yellow,white,purple,orange,red,red,orange,white,purple,yellow,purple,purple,yellow,red,orange,orange
brown,brown,brown,white,brown,green,green,green,green,white,orange,orange,white,purple,yellow,red,red,yellow,white,purple,orange,purple,purple,orange,red,yellow,yellow
brown,brown,brown,white,brown,yellow,green,green,green,red,yellow,yellow,red,purple,yellow,white,orange,green,red,purple,white,purple,purple,orange,white,orange,orange
brown,brown,brown,white,brown,orange,green,green,green,red,orange,orange,red,purple,orange,white,yellow,green,red,purple,white,purple,purple,yellow,white,yellow,yellow
brown,brown,brown,white,brown,yellow,green,green,green,white,yellow,yellow,red,purple,yellow,red,orange,green,white,purple,white,purple,purple,orange,red,orange,orange
brown,brown,brown,white,brown,orange,green,green,green,white,orange,orange,red,purple,orange,red,yellow,green,white,purple,white,purple,purple,yellow,red,yellow,yellow
brown,brown,brown,green,brown,white,green,red,red,white,yellow,yellow,white,purple,orange,green,red,orange,white,purple,yellow,purple,purple,yellow,green,orange,orange
brown,brown,brown,green,brown,white,green,red,red,white,orange,orange,white,purple,yellow,green,red,yellow,white,purple,orange,purple,purple,orange,green,yellow,yellow
brown,brown,brown,green,brown,yellow,green,yellow,yellow,red,red,white,red,purple,yellow,green,orange,white,white,purple,white,purple,purple,orange,green,orange,orange
brown,brown,brown,green,brown,orange,green,orange,orange,red,red,white,red,purple,orange,green,yellow,white,white,purple,white,purple,purple,yellow,green,yellow,yellow
brown,brown,brown,green,brown,yellow,green,yellow,yellow,red,red,white,white,purple,yellow,green,orange,white,red,purple,white,purple,purple,orange,green,orange,orange
brown,brown,brown,green,brown,orange,green,orange,orange,red,red,white,white,purple,orange,green,yellow,white,red,purple,white,purple,purple,yellow,green,yellow,yellow
brown,brown,brown,green,brown,yellow,green,yellow,yellow,red,orange,orange,red,purple,yellow,green,white,white,red,purple,orange,purple,purple,orange,green,white,white
brown,brown,brown,green,brown,yellow,green,yellow,yellow,red,white,white,red,purple,yellow,green,orange,white,red,purple,white,purple,purple,orange,green,orange,orange
brown,brown,brown,green,brown,yellow,green,white,yellow,red,orange,orange,red,purple,white,green,yellow,yellow,red,purple,orange,purple,purple,orange,green,white,white
brown,brown,brown,green,brown,yellow,green,white,white,red,yellow,yellow,red,purple,yellow,green,orange,white,red,purple,white,purple,purple,orange,green,orange,orange
brown,brown,brown,green,brown,white,green,yellow,white,red,orange,orange,red,purple,yellow,green,yellow,yellow,red,purple,orange,purple,purple,orange,green,white,white
brown,brown,brown,green,brown,orange,green,orange,orange,red,yellow,yellow,red,purple,orange,green,white,white,red,purple,yellow,purple,purple,yellow,green,white,white
brown,brown,brown,green,brown,orange,green,white,orange,red,yellow,yellow,red,purple,white,green,orange,orange,red,purple,yellow,purple,purple,yellow,green,white,white
brown,brown,brown,green,brown,white,green,orange,white,red,yellow,yellow,red,purple,orange,green,orange,orange,red,purple,yellow,purple,purple,yellow,green,white,white
brown,brown,brown,green,brown,white,green,white,white,red,yellow,yellow,red,purple,orange,green,white,orange,red,purple,yellow,purple,purple,yellow,green,orange,orange
brown,brown,brown,green,brown,white,green,white,white,red,orange,orange,red,purple,yellow,green,white,yellow,red,purple,orange,purple,purple,orange,green,yellow,yellow
brown,brown,brown,green,brown,orange,green,orange,orange,red,white,white,red,purple,orange,green,yellow,white,red,purple,white,purple,purple,yellow,green,yellow,yellow
brown,brown,brown,green,brown,orange,green,white,white,red,orange,orange,red,purple,orange,green,yellow,white,red,purple,white,purple,purple,yellow,green,yellow,yellow
brown,brown,brown,green,brown,yellow,green,yellow,yellow,white,red,red,white,purple,yellow,green,orange,white,white,purple,red,purple,purple,orange,green,orange,orange
brown,brown,brown,green,brown,orange,green,orange,orange,white,red,red,white,purple,orange,green,yellow,white,white,purple,red,purple,purple,yellow,green,yellow,yellow
brown,brown,brown,green,brown,yellow,green,yellow,yellow,white,orange,orange,white,purple,yellow,green,red,red,white,purple,orange,purple,purple,orange,green,white,red
brown,brown,brown,green,brown,orange,green,orange,orange,white,yellow,yellow,white,purple,orange,green,red,red,white,purple,yellow,purple,purple,yellow,green,white,red
brown,brown,brown,green,brown,yellow,green,yellow,yellow,white,orange,orange,white,purple,yellow,green,red,white,white,purple,orange,purple,purple,orange,green,red,red
brown,brown,brown,green,brown,orange,green,orange,orange,white,yellow,yellow,white,purple,orange,green,red,white,white,purple,yellow,purple,purple,yellow,green,red,red
brown,brown,brown,yellow,brown,green,yellow,yellow,green,red,orange,orange,red,purple,white,white,yellow,green,red,purple,orange,purple,purple,orange,white,white,green
brown,brown,brown,orange,brown,green,orange,orange,green,red,yellow,yellow,red,purple,white,white,orange,green,red,purple,yellow,purple,purple,yellow,white,white,green
brown,brown,brown,yellow,brown,green,yellow,yellow,green,white,orange,orange,red,purple,white,red,yellow,green,white,purple,orange,purple,purple,orange,red,white,green
brown,brown,brown,orange,brown,green,orange,orange,green,white,yellow,yellow,red,purple,white,red,orange,green,white,purple,yellow,purple,purple,yellow,red,white,green
brown,brown,brown,white,brown,yellow,green,green,yellow,red,orange,orange,red,purple,white,green,yellow,yellow,red,purple,orange,purple,purple,orange,green,white,white
brown,brown,brown,white,brown,yellow,green,green,white,red,yellow,yellow,red,purple,yellow,green,orange,white,red,purple,white,purple,purple,orange,green,orange,orange
brown,brown,brown,white,brown,orange,green,green,orange,red,yellow,yellow,red,purple,white,green,orange,orange,red,purple,yellow,purple,purple,yellow,green,white,white
brown,brown,brown,white,brown,white,green,green,white,red,yellow,yellow,red,purple,orange,green,white,orange,red,purple,yellow,purple,purple,yellow,green,orange,orange
brown,brown,brown,white,brown,white,green,green,white,red,orange,orange,red,purple,yellow,green,white,yellow,red,purple,orange,purple,purple,orange,green,yellow,yellow
brown,brown,brown,white,brown,orange,green,green,white,red,orange,orange,red,purple,orange,green,yellow,white,red,purple,white,purple,purple,yellow,green,yellow,yellow
brown,brown,brown,white,brown,white,green,red,red,green,yellow,yellow,green,purple,orange,green,red,orange,white,purple,yellow,purple,purple,yellow,white,orange,orange
brown,brown,brown,white,brown,white,green,red,red,green,orange,orange,green,purple,yellow,green,red,yellow,white,purple,orange,purple,purple,orange,white,yellow,yellow
brown,brown,brown,white,brown,yellow,green,yellow,yellow,green,red,red,green,purple,yellow,green,orange,white,white,purple,red,purple,purple,orange,white,orange,orange
brown,brown,brown,white,brown,orange,green,orange,orange,green,red,red,green,purple,orange,green,yellow,white,white,purple,red,purple,purple,yellow,white,yellow,yellow
brown,brown,brown,white,brown,yellow,green,yellow,yellow,green,orange,orange,green,purple,yellow,green,red,red,white,purple,orange,purple,purple,orange,white,white,red
brown,brown,brown,white,brown,orange,green,orange,orange,green,yellow,yellow,green,purple,orange,green,red,red,white,purple,yellow,purple,purple,yellow,white,white,red
brown,brown,brown,white,brown,yellow,green,yellow,yellow,green,orange,orange,green,purple,yellow,green,red,white,white,purple,orange,purple,purple,orange,white,red,red
brown,brown,brown,white,brown,orange,green,orange,orange,green,yellow,yellow,green,purple,orange,green,red,white,white,purple,yellow,purple,purple,yellow,white,red,red
brown,brown,brown,white,brown,yellow,green,yellow,yellow,red,orange,orange,red,purple,yellow,green,green,green,red,purple,orange,purple,purple,orange,white,white,white
brown,brown,brown,white,brown,orange,green,orange,orange,red,yellow,yellow,red,purple,orange,green,green,green,red,purple,yellow,purple,purple,yellow,white,white,white
brown,brown,brown,white,brown,yellow,green,yellow,yellow,red,orange,orange,red,purple,yellow,green,white,white,red,purple,orange,purple,purple,orange,green,green,white
brown,brown,brown,white,brown,yellow,green,white,yellow,red,orange,orange,red,purple,white,green,yellow,yellow,red,purple,orange,purple,purple,orange,green,green,white
brown,brown,brown,white,brown,white,green,yellow,white,red,orange,orange,red,purple,yellow,green,yellow,yellow,red,purple,orange,purple,purple,orange,green,green,white
brown,brown,brown,white,brown,orange,green,orange,orange,red,yellow,yellow,red,purple,orange,green,white,white,red,purple,yellow,purple,purple,yellow,green,green,white
brown,brown,brown,white,brown,orange,green,white,orange,red,yellow,yellow,red,purple,white,green,orange,orange,red,purple,yellow,purple,purple,yellow,green,green,white
brown,brown,brown,white,brown,white,green,orange,white,red,yellow,yellow,red,purple,orange,green,orange,orange,red,purple,yellow,purple,purple,yellow,green,green,white
brown,brown,brown,white,brown,yellow,green,yellow,yellow,white,orange,orange,white,purple,yellow,green,red,red,white,purple,orange,purple,purple,orange,green,green,red
brown,brown,brown,white,brown,orange,green,orange,orange,white,yellow,yellow,white,purple,orange,green,red,red,white,purple,yellow,purple,purple,yellow,green,green,red
brown,brown,brown,white,brown,white,yellow,yellow,green,red,red,green,yellow,purple,green,yellow,orange,green,red,purple,white,purple,purple,orange,white,orange,orange
brown,brown,brown,white,brown,white,orange,orange,green,red,red,green,orange,purple,green,orange,yellow,green,red,purple,white,purple,purple,yellow,white,yellow,yellow
brown,brown,brown,yellow,brown,orange,yellow,yellow,green,red,orange,orange,red,purple,orange,white,yellow,green,red,purple,white,purple,purple,green,white,white,green
brown,brown,brown,orange,brown,yellow,orange,orange,green,red,yellow,yellow,red,purple,yellow,white,orange,green,red,purple,white,purple,purple,green,white,white,green
brown,brown,brown,yellow,brown,orange,yellow,yellow,green,white,orange,orange,red,purple,orange,red,yellow,green,white,purple,white,purple,purple,green,red,white,green
brown,brown,brown,orange,brown,yellow,orange,orange,green,white,yellow,yellow,red,purple,yellow,red,orange,green,white,purple,white,purple,purple,green,red,white,green
brown,brown,brown,yellow,brown,orange,yellow,yellow,green,red,orange,orange,red,purple,orange,white,yellow,green,red,purple,white,purple,purple,white,white,green,green
brown,brown,brown,yellow,brown,white,yellow,yellow,green,red,orange,orange,red,purple,white,white,yellow,green,red,purple,orange,purple,purple,orange,white,green,green
brown,brown,brown,orange,brown,yellow,orange,orange,green,red,yellow,yellow,red,purple,yellow,white,orange,green,red,purple,white,purple,purple,white,white,green,green
brown,brown,brown,orange,brown,white,orange,orange,green,red,yellow,yellow,red,purple,white,white,orange,green,red,purple,yellow,purple,purple,yellow,white,green,green
brown,brown,brown,yellow,brown,orange,yellow,yellow,green,white,orange,orange,red,purple,orange,red,yellow,green,white,purple,white,purple,purple,white,red,green,green
brown,brown,brown,yellow,brown,white,yellow,yellow,green,white,orange,orange,red,purple,white,red,yellow,green,white,purple,orange,purple,purple,orange,red,green,green
brown,brown,brown,orange,brown,yellow,orange,orange,green,white,yellow,yellow,red,purple,yellow,red,orange,green,white,purple,white,purple,purple,white,red,green,green
brown,brown,brown,orange,brown,white,orange,orange,green,white,yellow,yellow,red,purple,white,red,orange,green,white,purple,yellow,purple,purple,yellow,red,green,green
brown,brown,brown,red,brown,yellow,red,yellow,yellow,green,green,green,red,purple,yellow,white,orange,white,green,purple,white,purple,purple,orange,white,orange,orange
brown,brown,brown,red,brown,orange,red,orange,orange,green,green,green,red,purple,orange,white,yellow,white,green,purple,white,purple,purple,yellow,white,yellow,yellow
brown,brown,brown,white,brown,red,yellow,yellow,red,green,green,green,yellow,purple,red,yellow,orange,white,green,purple,white,purple,purple,orange,white,orange,orange
brown,brown,brown,white,brown,red,orange,orange,red,green,green,green,orange,purple,red,orange,yellow,white,green,purple,white,purple,purple,yellow,white,yellow,yellow
brown,brown,brown,white,brown,yellow,red,yellow,yellow,green,green,green,red,purple,yellow,red,orange,white,green,purple,white,purple,purple,orange,white,orange,orange
brown,brown,brown,white,brown,orange,red,orange,orange,green,green,green,red,purple,orange,red,yellow,white,green,purple,white,purple,purple,yellow,white,yellow,yellow
brown,brown,brown,white,brown,white,yellow,yellow,red,green,green,green,yellow,purple,red,yellow,orange,red,green,purple,white,purple,purple,orange,white,orange,orange
brown,brown,brown,white,brown,white,orange,orange,red,green,green,green,orange,purple,red,orange,yellow,red,green,purple,white,purple,purple,yellow,white,yellow,yellow
brown,brown,brown,yellow,brown,white,yellow,yellow,white,green,green,green,red,purple,orange,red,yellow,orange,green,purple,white,purple,purple,white,red,orange,orange
brown,brown,brown,white,brown,yellow,white,yellow,yellow,green,green,green,red,purple,yellow,red,orange,white,green,purple,white,purple,purple,orange,red,orange,orange
brown,brown,brown,orange,brown,white,orange,orange,white,green,green,green,red,purple,yellow,red,orange,yellow,green,purple,white,purple,purple,white,red,yellow,yellow
brown,brown,brown,white,brown,orange,white,orange,orange,green,green,green,red,purple,orange,red,yellow,white,green,purple,white,purple,purple,yellow,red,yellow,yellow
brown,brown,brown,white,brown,yellow,orange,orange,yellow,green,green,green,orange,purple,red,orange,yellow,yellow,green,purple,red,purple,purple,red,white,white,white
brown,brown,brown,white,brown,orange,yellow,yellow,orange,green,green,green,yellow,purple,red,yellow,orange,orange,green,purple,red,purple,purple,red,white,white,white
brown,brown,brown,white,brown,yellow,orange,orange,yellow,green,green,green,orange,purple,red,orange,yellow,yellow,green,purple,white,purple,purple,red,white,white,red
brown,brown,brown,white,brown,orange,yellow,yellow,orange,green,green,green,yellow,purple,red,yellow,orange,orange,green,purple,white,purple,purple,red,white,white,red
brown,brown,brown,red,brown,yellow,red,yellow,yellow,green,green,green,red,purple,yellow,white,orange,white,white,purple,green,purple,purple,orange,white,orange,orange
brown,brown,brown,red,brown,orange,red,orange,orange,green,green,green,red,purple,orange,white,yellow,white,white,purple,green,purple,purple,yellow,white,yellow,yellow
brown,brown,brown,white,brown,red,yellow,yellow,red,green,green,green,yellow,purple,red,yellow,orange,white,white,purple,green,purple,purple,orange,white,orange,orange
brown,brown,brown,white,brown,red,orange,orange,red,green,green,green,orange,purple,red,orange,yellow,white,white,purple,green,purple,purple,yellow,white,yellow,yellow
brown,brown,brown,white,brown,yellow,red,yellow,yellow,green,green,green,red,purple,yellow,red,orange,white,white,purple,green,purple,purple,orange,white,orange,orange
brown,brown,brown,white,brown,orange,red,orange,orange,green,green,green,red,purple,orange,red,yellow,white,white,purple,green,purple,purple,yellow,white,yellow,yellow
brown,brown,brown,white,brown,white,yellow,yellow,red,green,green,green,yellow,purple,red,yellow,orange,red,white,purple,green,purple,purple,orange,white,orange,orange
brown,brown,brown,white,brown,white,orange,orange,red,green,green,green,orange,purple,red,orange,yellow,red,white,purple,green,purple,purple,yellow,white,yellow,yellow
brown,brown,brown,yellow,brown,white,yellow,yellow,white,green,green,green,red,purple,orange,red,yellow,orange,white,purple,green,purple,purple,white,red,orange,orange
brown,brown,brown,white,brown,yellow,white,yellow,yellow,green,green,green,red,purple,yellow,red,orange,white,white,purple,green,purple,purple,orange,red,orange,orange
brown,brown,brown,orange,brown,white,orange,orange,white,green,green,green,red,purple,yellow,red,orange,yellow,white,purple,green,purple,purple,white,red,yellow,yellow
brown,brown,brown,white,brown,orange,white,orange,orange,green,green,green,red,purple,orange,red,yellow,white,white,purple,green,purple,purple,yellow,red,yellow,yellow
brown,brown,brown,white,brown,yellow,orange,orange,yellow,green,green,green,orange,purple,red,orange,yellow,yellow,white,purple,green,purple,purple,red,white,white,red
brown,brown,brown,white,brown,orange,yellow,yellow,orange,green,green,green,yellow,purple,red,yellow,orange,orange,white,purple,green,purple,purple,red,white,white,red
brown,brown,brown,yellow,brown,red,yellow,yellow,red,green,orange,orange,green,purple,red,green,yellow,white,green,purple,orange,purple,purple,orange,white,white,white
brown,brown,brown,orange,brown,red,orange,orange,red,green,yellow,yellow,green,purple,red,green,orange,white,green,purple,yellow,purple,purple,yellow,white,white,white
brown,brown,brown,white,brown,white,red,red,white,green,yellow,yellow,green,purple,orange,green,red,orange,green,purple,yellow,purple,purple,yellow,white,orange,orange
brown,brown,brown,white,brown,white,red,red,white,green,orange,orange,green,purple,yellow,green,red,yellow,green,purple,orange,purple,purple,orange,white,yellow,yellow
brown,brown,brown,white,brown,white,white,red,red,green,yellow,yellow,green,purple,orange,green,red,orange,green,purple,yellow,purple,purple,yellow,white,orange,orange
brown,brown,brown,white,brown,white,white,red,red,green,orange,orange,green,purple,yellow,green,red,yellow,green,purple,orange,purple,purple,orange,white,yellow,yellow
brown,brown,brown,yellow,brown,white,yellow,yellow,red,green,orange,orange,green,purple,red,green,yellow,red,green,purple,orange,purple,purple,orange,white,white,white
brown,brown,brown,orange,brown,white,orange,orange,red,green,yellow,yellow,green,purple,red,green,orange,red,green,purple,yellow,purple,purple,yellow,white,white,white
brown,brown,brown,yellow,brown,white,yellow,yellow,white,green,red,red,green,purple,orange,green,yellow,orange,green,purple,red,purple,purple,white,white,orange,orange
brown,brown,brown,white,brown,yellow,white,yellow,yellow,green,red,red,green,purple,yellow,green,orange,white,green,purple,red,purple,purple,orange,white,orange,orange
brown,brown,brown,orange,brown,white,orange,orange,white,green,red,red,green,purple,yellow,green,orange,yellow,green,purple,red,purple,purple,white,white,yellow,yellow
brown,brown,brown,white,brown,orange,white,orange,orange,green,red,red,green,purple,orange,green,yellow,white,green,purple,red,purple,purple,yellow,white,yellow,yellow
brown,brown,brown,yellow,brown,white,yellow,yellow,white,green,orange,orange,green,purple,red,green,yellow,red,green,purple,orange,purple,purple,orange,white,white,red
brown,brown,brown,orange,brown,white,orange,orange,white,green,yellow,yellow,green,purple,red,green,orange,red,green,purple,yellow,purple,purple,yellow,white,white,red
brown,brown,brown,white,brown,yellow,white,yellow,yellow,green,orange,orange,green,purple,yellow,green,red,red,green,purple,orange,purple,purple,orange,white,white,red
brown,brown,brown,white,brown,orange,white,orange,orange,green,yellow,yellow,green,purple,orange,green,red,red,green,purple,yellow,purple,purple,yellow,white,white,red
brown,brown,brown,white,brown,yellow,white,yellow,yellow,green,orange,orange,green,purple,yellow,green,red,white,green,purple,orange,purple,purple,orange,white,red,red
brown,brown,brown,white,brown,orange,white,orange,orange,green,yellow,yellow,green,purple,orange,green,red,white,green,purple,yellow,purple,purple,yellow,white,red,red
brown,brown,brown,yellow,brown,red,yellow,yellow,red,green,orange,orange,green,purple,red,green,yellow,white,white,purple,orange,purple,purple,orange,green,white,white
brown,brown,brown,orange,brown,red,orange,orange,red,green,yellow,yellow,green,purple,red,green,orange,white,white,purple,yellow,purple,purple,yellow,green,white,white
brown,brown,brown,white,brown,white,red,red,white,green,yellow,yellow,green,purple,orange,green,red,orange,white,purple,yellow,purple,purple,yellow,green,orange,orange
brown,brown,brown,white,brown,white,red,red,white,green,orange,orange,green,purple,yellow,green,red,yellow,white,purple,orange,purple,purple,orange,green,yellow,yellow
brown,brown,brown,white,brown,white,white,red,red,green,yellow,yellow,green,purple,orange,green,red,orange,white,purple,yellow,purple,purple,yellow,green,orange,orange
brown,brown,brown,white,brown,white,white,red,red,green,orange,orange,green,purple,yellow,green,red,yellow,white,purple,orange,purple,purple,orange,green,yellow,yellow
brown,brown,brown,yellow,brown,white,yellow,yellow,red,green,orange,orange,green,purple,red,green,yellow,red,white,purple,orange,purple,purple,orange,green,white,white
brown,brown,brown,orange,brown,white,orange,orange,red,green,yellow,yellow,green,purple,red,green,orange,red,white,purple,yellow,purple,purple,yellow,green,white,white
brown,brown,brown,yellow,brown,white,yellow,yellow,white,green,red,red,green,purple,orange,green,yellow,orange,white,purple,red,purple,purple,white,green,orange,orange
brown,brown,brown,white,brown,yellow,white,yellow,yellow,green,red,red,green,purple,yellow,green,orange,white,white,purple,red,purple,purple,orange,green,orange,orange
brown,brown,brown,orange,brown,white,orange,orange,white,green,red,red,green,purple,yellow,green,orange,yellow,white,purple,red,purple,purple,white,green,yellow,yellow
brown,brown,brown,white,brown,orange,white,orange,orange,green,red,red,green,purple,orange,green,yellow,white,white,purple,red,purple,purple,yellow,green,yellow,yellow
brown,brown,brown,yellow,brown,white,yellow,yellow,white,green,orange,orange,green,purple,red,green,yellow,red,white,purple,orange,purple,purple,orange,green,white,red
brown,brown,brown,orange,brown,white,orange,orange,white,green,yellow,yellow,green,purple,red,green,orange,red,white,purple,yellow,purple,purple,yellow,green,white,red
brown,brown,brown,white,brown,yellow,white,yellow,yellow,green,orange,orange,green,purple,yellow,green,red,red,white,purple,orange,purple,purple,orange,green,white,red
brown,brown,brown,white,brown,orange,white,orange,orange,green,yellow,yellow,green,purple,orange,green,red,red,white,purple,yellow,purple,purple,yellow,green,white,red
brown,brown,brown,white,brown,yellow,white,yellow,yellow,green,orange,orange,green,purple,yellow,green,red,white,white,purple,orange,purple,purple,orange,green,red,red
brown,brown,brown,white,brown,orange,white,orange,orange,green,yellow,yellow,green,purple,orange,green,red,white,white,purple,yellow,purple,purple,yellow,green,red,red
brown,brown,brown,white,brown,white,yellow,yellow,white,red,red,green,yellow,purple,green,yellow,orange,green,red,purple,green,purple,purple,orange,white,orange,orange
brown,brown,brown,white,brown,white,orange,orange,white,red,red,green,orange,purple,green,orange,yellow,green,red,purple,green,purple,purple,yellow,white,yellow,yellow
brown,brown,brown,orange,brown,yellow,white,yellow,yellow,red,red,green,orange,purple,yellow,orange,orange,white,red,purple,green,purple,purple,green,white,white,green
brown,brown,brown,white,brown,yellow,orange,yellow,yellow,red,red,green,orange,purple,yellow,orange,orange,white,red,purple,green,purple,purple,green,white,white,green
brown,brown,brown,white,brown,yellow,white,yellow,yellow,red,red,green,orange,purple,yellow,orange,orange,white,red,purple,green,purple,purple,green,white,orange,green
brown,brown,brown,white,brown,yellow,orange,orange,yellow,red,red,green,orange,purple,white,orange,yellow,yellow,red,purple,green,purple,purple,green,white,white,green
brown,brown,brown,white,brown,orange,yellow,yellow,orange,red,red,green,yellow,purple,white,yellow,orange,orange,red,purple,green,purple,purple,green,white,white,green
brown,brown,brown,yellow,brown,orange,white,orange,orange,red,red,green,yellow,purple,orange,yellow,yellow,white,red,purple,green,purple,purple,green,white,white,green
brown,brown,brown,white,brown,orange,yellow,orange,orange,red,red,green,yellow,purple,orange,yellow,yellow,white,red,purple,green,purple,purple,green,white,white,green
brown,brown,brown,white,brown,orange,white,orange,orange,red,red,green,yellow,purple,orange,yellow,yellow,white,red,purple,green,purple,purple,green,white,yellow,green
brown,brown,brown,red,brown,yellow,red,yellow,yellow,white,orange,orange,red,purple,yellow,green,green,green,white,purple,orange,purple,purple,orange,white,white,green
brown,brown,brown,red,brown,orange,red,orange,orange,white,yellow,yellow,red,purple,orange,green,green,green,white,purple,yellow,purple,purple,yellow,white,white,green
brown,brown,brown,white,brown,yellow,white,yellow,yellow,red,orange,orange,red,purple,yellow,green,green,green,red,purple,orange,purple,purple,orange,white,white,green
brown,brown,brown,white,brown,orange,white,orange,orange,red,yellow,yellow,red,purple,orange,green,green,green,red,purple,yellow,purple,purple,yellow,white,white,green
brown,brown,brown,red,brown,yellow,red,yellow,yellow,white,orange,orange,red,purple,yellow,green,white,white,white,purple,orange,purple,purple,orange,green,green,green
brown,brown,brown,red,brown,yellow,red,white,yellow,white,orange,orange,red,purple,white,green,yellow,yellow,white,purple,orange,purple,purple,orange,green,green,green
brown,brown,brown,red,brown,white,red,yellow,white,white,orange,orange,red,purple,yellow,green,yellow,yellow,white,purple,orange,purple,purple,orange,green,green,green
brown,brown,brown,red,brown,orange,red,orange,orange,white,yellow,yellow,red,purple,orange,green,white,white,white,purple,yellow,purple,purple,yellow,green,green,green
brown,brown,brown,red,brown,orange,red,white,orange,white,yellow,yellow,red,purple,white,green,orange,orange,white,purple,yellow,purple,purple,yellow,green,green,green
brown,brown,brown,red,brown,white,red,orange,white,white,yellow,yellow,red,purple,orange,green,orange,orange,white,purple,yellow,purple,purple,yellow,green,green,green
brown,brown,brown,yellow,brown,red,yellow,yellow,red,white,orange,orange,white,purple,red,green,yellow,white,white,purple,orange,purple,purple,orange,green,green,green
brown,brown,brown,orange,brown,red,orange,orange,red,white,yellow,yellow,white,purple,red,green,orange,white,white,purple,yellow,purple,purple,yellow,green,green,green
brown,brown,brown,yellow,brown,white,yellow,yellow,red,white,orange,orange,white,purple,red,green,yellow,red,white,purple,orange,purple,purple,orange,green,green,green
brown,brown,brown,orange,brown,white,orange,orange,red,white,yellow,yellow,white,purple,red,green,orange,red,white,purple,yellow,purple,purple,yellow,green,green,green
brown,brown,brown,yellow,brown,orange,yellow,yellow,white,red,orange,orange,red,purple,orange,green,yellow,white,red,purple,white,purple,purple,white,green,green,green
brown,brown,brown,yellow,brown,white,yellow,yellow,white,red,orange,orange,red,purple,white,green,yellow,white,red,purple,orange,purple,purple,orange,green,green,green
brown,brown,brown,white,brown,yellow,white,yellow,yellow,red,orange,orange,red,purple,yellow,green,white,white,red,purple,orange,purple,purple,orange,green,green,green
brown,brown,brown,white,brown,yellow,white,white,yellow,red,orange,orange,red,purple,white,green,yellow,yellow,red,purple,orange,purple,purple,orange,green,green,green
brown,brown,brown,orange,brown,yellow,orange,orange,white,red,yellow,yellow,red,purple,yellow,green,orange,white,red,purple,white,purple,purple,white,green,green,green
brown,brown,brown,white,brown,white,white,yellow,white,red,orange,orange,red,purple,yellow,green,yellow,yellow,red,purple,orange,purple,purple,orange,green,green,green
brown,brown,brown,orange,brown,white,orange,orange,white,red,yellow,yellow,red,purple,white,green,orange,white,red,purple,yellow,purple,purple,yellow,green,green,green
brown,brown,brown,white,brown,orange,white,orange,orange,red,yellow,yellow,red,purple,orange,green,white,white,red,purple,yellow,purple,purple,yellow,green,green,green
brown,brown,brown,white,brown,orange,white,white,orange,red,yellow,yellow,red,purple,white,green,orange,orange,red,purple,yellow,purple,purple,yellow,green,green,green
brown,brown,brown,white,brown,white,white,orange,white,red,yellow,yellow,red,purple,orange,green,orange,orange,red,purple,yellow,purple,purple,yellow,green,green,green
brown,brown,brown,orange,brown,yellow,white,yellow,yellow,red,red,white,orange,purple,yellow,orange,orange,green,red,purple,green,purple,purple,green,white,white,green
brown,brown,brown,white,brown,yellow,orange,yellow,yellow,red,red,white,orange,purple,yellow,orange,orange,green,red,purple,green,purple,purple,green,white,white,green
brown,brown,brown,white,brown,yellow,white,yellow,yellow,red,red,white,orange,purple,yellow,orange,orange,green,red,purple,green,purple,purple,green,white,orange,green
brown,brown,brown,yellow,brown,orange,white,orange,orange,red,red,white,yellow,purple,orange,yellow,yellow,green,red,purple,green,purple,purple,green,white,white,green
brown,brown,brown,white,brown,orange,yellow,orange,orange,red,red,white,yellow,purple,orange,yellow,yellow,green,red,purple,green,purple,purple,green,white,white,green
brown,brown,brown,white,brown,orange,white,orange,orange,red,red,white,yellow,purple,orange,yellow,yellow,green,red,purple,green,purple,purple,green,white,yellow,green
brown,brown,brown,yellow,brown,orange,yellow,yellow,white,red,orange,orange,red,purple,orange,white,yellow,green,red,purple,green,purple,purple,green,white,white,green
brown,brown,brown,orange,brown,yellow,orange,orange,white,red,yellow,yellow,red,purple,yellow,white,orange,green,red,purple,green,purple,purple,green,white,white,green
brown,brown,brown,yellow,brown,orange,yellow,yellow,white,white,orange,orange,red,purple,orange,red,yellow,green,white,purple,green,purple,purple,green,red,white,green
brown,brown,brown,orange,brown,yellow,orange,orange,white,white,yellow,yellow,red,purple,yellow,red,orange,green,white,purple,green,purple,purple,green,red,white,green
brown,brown,brown,red,brown,yellow,red,yellow,yellow,white,orange,orange,red,purple,yellow,white,white,green,white,purple,orange,purple,purple,orange,green,green,green
brown,brown,brown,red,brown,orange,red,orange,orange,white,yellow,yellow,red,purple,orange,white,white,green,white,purple,yellow,purple,purple,yellow,green,green,green
brown,brown,brown,yellow,brown,red,yellow,yellow,red,white,orange,orange,white,purple,red,white,yellow,green,white,purple,orange,purple,purple,orange,green,green,green
brown,brown,brown,white,brown,red,yellow,yellow,red,white,orange,orange,yellow,purple,red,yellow,white,green,white,purple,orange,purple,purple,orange,green,green,green
brown,brown,brown,yellow,brown,red,white,white,red,white,orange,orange,yellow,purple,red,yellow,yellow,green,white,purple,orange,purple,purple,orange,green,green,green
brown,brown,brown,white,brown,red,yellow,white,red,white,orange,orange,yellow,purple,red,yellow,yellow,green,white,purple,orange,purple,purple,orange,green,green,green
brown,brown,brown,orange,brown,red,orange,orange,red,white,yellow,yellow,white,purple,red,white,orange,green,white,purple,yellow,purple,purple,yellow,green,green,green
brown,brown,brown,white,brown,red,orange,orange,red,white,yellow,yellow,orange,purple,red,orange,white,green,white,purple,yellow,purple,purple,yellow,green,green,green
brown,brown,brown,orange,brown,red,white,white,red,white,yellow,yellow,orange,purple,red,orange,orange,green,white,purple,yellow,purple,purple,yellow,green,green,green
brown,brown,brown,white,brown,red,orange,white,red,white,yellow,yellow,orange,purple,red,orange,orange,green,white,purple,yellow,purple,purple,yellow,green,green,green
brown,brown,brown,white,brown,yellow,red,yellow,yellow,white,orange,orange,red,purple,yellow,red,white,green,white,purple,orange,purple,purple,orange,green,green,green
brown,brown,brown,white,brown,orange,red,orange,orange,white,yellow,yellow,red,purple,orange,red,white,green,white,purple,yellow,purple,purple,yellow,green,green,green
brown,brown,brown,white,brown,yellow,red,yellow,yellow,white,orange,orange,white,purple,yellow,red,red,green,white,purple,orange,purple,purple,orange,green,green,green
brown,brown,brown,white,brown,orange,red,orange,orange,white,yellow,yellow,white,purple,orange,red,red,green,white,purple,yellow,purple,purple,yellow,green,green,green
brown,brown,brown,orange,brown,yellow,white,yellow,yellow,red,red,white,orange,purple,yellow,orange,orange,green,red,purple,white,purple,purple,white,green,green,green
brown,brown,brown,white,brown,yellow,orange,yellow,yellow,red,red,white,orange,purple,yellow,orange,orange,green,red,purple,white,purple,purple,white,green,green,green
brown,brown,brown,yellow,brown,orange,white,orange,orange,red,red,white,yellow,purple,orange,yellow,yellow,green,red,purple,white,purple,purple,white,green,green,green
brown,brown,brown,white,brown,orange,yellow,orange,orange,red,red,white,yellow,purple,orange,yellow,yellow,green,red,purple,white,purple,purple,white,green,green,green
brown,brown,brown,yellow,brown,orange,yellow,yellow,white,red,orange,orange,red,purple,orange,white,yellow,green,red,purple,white,purple,purple,white,green,green,green
brown,brown,brown,yellow,brown,white,yellow,yellow,white,red,orange,orange,red,purple,white,white,yellow,green,red,purple,orange,purple,purple,orange,green,green,green
brown,brown,brown,white,brown,yellow,white,yellow,yellow,red,orange,orange,red,purple,yellow,white,white,green,red,purple,orange,purple,purple,orange,green,green,green
brown,brown,brown,orange,brown,yellow,orange,orange,white,red,yellow,yellow,red,purple,yellow,white,orange,green,red,purple,white,purple,purple,white,green,green,green
brown,brown,brown,orange,brown,white,orange,orange,white,red,yellow,yellow,red,purple,white,white,orange,green,red,purple,yellow,purple,purple,yellow,green,green,green
brown,brown,brown,white,brown,orange,white,orange,orange,red,yellow,yellow,red,purple,orange,white,white,green,red,purple,yellow,purple,purple,yellow,green,green,green
brown,brown,brown,orange,brown,yellow,white,yellow,yellow,white,red,red,orange,purple,yellow,orange,orange,green,white,purple,red,purple,purple,white,green,green,green
brown,brown,brown,white,brown,yellow,orange,yellow,yellow,white,red,red,orange,purple,yellow,orange,orange,green,white,purple,red,purple,purple,white,green,green,green
brown,brown,brown,yellow,brown,orange,white,orange,orange,white,red,red,yellow,purple,orange,yellow,yellow,green,white,purple,red,purple,purple,white,green,green,green
brown,brown,brown,white,brown,orange,yellow,orange,orange,white,red,red,yellow,purple,orange,yellow,yellow,green,white,purple,red,purple,purple,white,green,green,green
brown,brown,brown,white,brown,yellow,white,yellow,yellow,white,orange,orange,red,purple,yellow,red,red,green,white,purple,orange,purple,purple,orange,green,green,green
brown,brown,brown,white,brown,orange,white,orange,orange,white,yellow,yellow,red,purple,orange,red,red,green,white,purple,yellow,purple,purple,yellow,green,green,green
brown,brown,brown,white,brown,orange,yellow,yellow,red,white,orange,orange,yellow,purple,orange,yellow,red,red,white,purple,green,purple,purple,green,white,green,green
brown,brown,brown,white,brown,yellow,orange,orange,red,white,yellow,yellow,orange,purple,yellow,orange,red,red,white,purple,green,purple,purple,green,white,green,green
brown,brown,brown,orange,brown,yellow,white,yellow,yellow,red,red,white,orange,purple,yellow,orange,orange,white,red,purple,green,purple,purple,green,white,green,green
brown,brown,brown,white,brown,yellow,orange,yellow,yellow,red,red,white,orange,purple,yellow,orange,orange,white,red,purple,green,purple,purple,green,white,green,green
brown,brown,brown,white,brown,yellow,orange,orange,yellow,red,red,white,orange,purple,white,orange,yellow,yellow,red,purple,green,purple,purple,green,white,green,green
brown,brown,brown,white,brown,orange,yellow,yellow,orange,red,red,white,yellow,purple,white,yellow,orange,orange,red,purple,green,purple,purple,green,white,green,green
brown,brown,brown,yellow,brown,orange,white,orange,orange,red,red,white,yellow,purple,orange,yellow,yellow,white,red,purple,green,purple,purple,green,white,green,green
brown,brown,brown,white,brown,orange,yellow,orange,orange,red,red,white,yellow,purple,orange,yellow,yellow,white,red,purple,green,purple,purple,green,white,green,green
brown,brown,brown,yellow,brown,orange,yellow,yellow,white,red,orange,orange,red,purple,orange,white,yellow,white,red,purple,green,purple,purple,green,white,green,green
brown,brown,brown,orange,brown,yellow,orange,orange,white,red,yellow,yellow,red,purple,yellow,white,orange,white,red,purple,green,purple,purple,green,white,green,green
brown,brown,brown,white,brown,yellow,orange,orange,yellow,white,red,red,orange,purple,red,orange,yellow,yellow,white,purple,green,purple,purple,green,white,green,green
brown,brown,brown,white,brown,orange,yellow,yellow,orange,white,red,red,yellow,purple,red,yellow,orange,orange,white,purple,green,purple,purple,green,white,green,green
brown,brown,brown,yellow,brown,orange,yellow,yellow,white,white,orange,orange,red,purple,orange,red,yellow,white,white,purple,green,purple,purple,green,red,green,green
brown,brown,brown,orange,brown,yellow,orange,orange,white,white,yellow,yellow,red,purple,yellow,red,orange,white,white,purple,green,purple,purple,green,red,green,green
brown,brown,brown,white,brown,orange,yellow,yellow,red,white,orange,orange,yellow,purple,orange,yellow,red,red,white,purple,white,purple,purple,green,green,green,green
brown,brown,brown,white,brown,yellow,orange,orange,red,white,yellow,yellow,orange,purple,yellow,orange,red,red,white,purple,white,purple,purple,green,green,green,green
brown,brown,brown,orange,brown,yellow,white,yellow,yellow,red,red,white,orange,purple,yellow,orange,orange,white,red,purple,white,purple,purple,green,green,green,green
brown,brown,brown,white,brown,yellow,orange,yellow,yellow,red,red,white,orange,purple,yellow,orange,orange,white,red,purple,white,purple,purple,green,green,green,green
brown,brown,brown,white,brown,yellow,orange,orange,yellow,red,red,white,orange,purple,white,orange,yellow,yellow,red,purple,white,purple,purple,green,green,green,green
brown,brown,brown,white,brown,orange,yellow,yellow,orange,red,red,white,yellow,purple,white,yellow,orange,orange,red,purple,white,purple,purple,green,green,green,green
brown,brown,brown,yellow,brown,orange,white,orange,orange,red,red,white,yellow,purple,orange,yellow,yellow,white,red,purple,white,purple,purple,green,green,green,green
brown,brown,brown,white,brown,orange,yellow,orange,orange,red,red,white,yellow,purple,orange,yellow,yellow,white,red,purple,white,purple,purple,green,green,green,green
brown,brown,brown,yellow,brown,orange,yellow,yellow,white,red,orange,orange,red,purple,orange,white,yellow,white,red,purple,white,purple,purple,green,green,green,green
brown,brown,brown,orange,brown,yellow,orange,orange,white,red,yellow,yellow,red,purple,yellow,white,orange,white,red,purple,white,purple,purple,green,green,green,green
brown,brown,brown,white,brown,yellow,orange,orange,yellow,white,red,red,orange,purple,red,orange,yellow,yellow,white,purple,white,purple,purple,green,green,green,green
brown,brown,brown,white,brown,orange,yellow,yellow,orange,white,red,red,yellow,purple,red,yellow,orange,orange,white,purple,white,purple,purple,green,green,green,green
brown,brown,brown,orange,brown,yellow,white,yellow,yellow,white,red,red,orange,purple,yellow,orange,orange,white,white,purple,red,purple,purple,green,green,green,green
brown,brown,brown,white,brown,yellow,orange,yellow,yellow,white,red,red,orange,purple,yellow,orange,orange,white,white,purple,red,purple,purple,green,green,green,green
brown,brown,brown,white,brown,yellow,orange,orange,yellow,white,red,red,orange,purple,white,orange,yellow,yellow,white,purple,red,purple,purple,green,green,green,green
brown,brown,brown,white,brown,orange,yellow,yellow,orange,white,red,red,yellow,purple,white,yellow,orange,orange,white,purple,red,purple,purple,green,green,green,green
brown,brown,brown,yellow,brown,orange,white,orange,orange,white,red,red,yellow,purple,orange,yellow,yellow,white,white,purple,red,purple,purple,green,green,green,green
brown,brown,brown,white,brown,orange,yellow,orange,orange,white,red,red,yellow,purple,orange,yellow,yellow,white,white,purple,red,purple,purple,green,green,green,green
brown,brown,brown,white,brown,yellow,orange,orange,yellow,white,white,red,orange,purple,red,orange,yellow,yellow,white,purple,red,purple,purple,green,green,green,green
brown,brown,brown,white,brown,orange,yellow,yellow,orange,white,white,red,yellow,purple,red,yellow,orange,orange,white,purple,red,purple,purple,green,green,green,green
