brown,brown,brown,white,brown,green,green,green,green,red,red,white,red,purple,white,white,white,white,white,purple,white,purple,purple,white,white,white,white
brown,brown,brown,white,brown,green,green,green,green,red,red,white,white,purple,white,white,white,white,red,purple,white,purple,purple,white,white,white,white
brown,brown,brown,white,brown,green,green,green,green,red,white,white,red,purple,white,white,white,white,red,purple,white,purple,purple,white,white,white,white
brown,brown,brown,white,brown,green,green,green,green,white,red,red,white,purple,red,white,white,white,white,purple,white,purple,purple,white,white,white,white
brown,brown,brown,white,brown,green,green,green,green,white,red,red,white,purple,white,white,white,white,white,purple,red,purple,purple,white,white,white,white
brown,brown,brown,white,brown,green,green,green,green,white,white,red,white,purple,red,white,white,white,white,purple,red,purple,purple,white,white,white,white
brown,brown,brown,white,brown,green,green,green,green,white,white,white,red,purple,white,red,red,white,white,purple,white,purple,purple,white,white,white,white
brown,brown,brown,white,brown,green,green,green,green,white,white,white,red,purple,white,red,white,white,white,purple,white,purple,purple,white,red,white,white
brown,brown,brown,white,brown,green,green,green,green,white,white,white,white,purple,red,white,red,red,white,purple,white,purple,purple,white,white,white,white
brown,brown,brown,white,brown,green,green,green,green,white,white,white,white,purple,red,white,white,red,white,purple,white,purple,purple,white,white,white,red
brown,brown,brown,white,brown,green,green,green,green,white,white,white,white,purple,red,white,white,white,white,purple,red,purple,purple,red,white,white,white
brown,brown,brown,white,brown,green,green,green,green,white,white,white,white,purple,red,white,white,white,white,purple,white,purple,purple,red,white,white,red
brown,brown,brown,white,brown,green,green,green,green,white,white,white,white,purple,white,red,red,white,white,purple,white,purple,purple,white,red,white,white
brown,brown,brown,white,brown,green,green,green,green,white,white,white,white,purple,white,white,red,red,white,purple,white,purple,purple,white,white,white,red
brown,brown,brown,white,brown,green,green,green,green,white,white,white,white,purple,white,white,red,white,white,purple,white,purple,purple,white,white,red,red
brown,brown,brown,white,brown,white,green,green,green,red,red,white,red,purple,white,white,white,green,white,purple,white,purple,purple,white,white,white,white
brown,brown,brown,white,brown,white,green,green,green,red,red,white,white,purple,white,white,white,green,red,purple,white,purple,purple,white,white,white,white
brown,brown,brown,white,brown,white,green,green,green,red,white,white,red,purple,white,white,white,green,red,purple,white,purple,purple,white,white,white,white
brown,brown,brown,white,brown,white,green,green,green,white,red,red,white,purple,red,white,white,green,white,purple,white,purple,purple,white,white,white,white
brown,brown,brown,white,brown,white,green,green,green,white,red,red,white,purple,white,white,white,green,white,purple,red,purple,purple,white,white,white,white
brown,brown,brown,white,brown,white,green,green,green,white,white,red,white,purple,red,white,white,green,white,purple,red,purple,purple,white,white,white,white
brown,brown,brown,white,brown,white,green,green,green,white,white,white,red,purple,white,red,red,green,white,purple,white,purple,purple,white,white,white,white
brown,brown,brown,white,brown,white,green,green,green,white,white,white,red,purple,white,red,white,green,white,purple,white,purple,purple,white,red,white,white
brown,brown,brown,white,brown,white,green,green,green,white,white,white,white,purple,red,white,white,green,white,purple,red,purple,purple,red,white,white,white
brown,brown,brown,white,brown,white,green,green,green,white,white,white,white,purple,red,white,white,green,white,purple,white,purple,purple,red,white,white,red
brown,brown,brown,white,brown,white,green,green,green,white,white,white,white,purple,white,red,red,green,white,purple,white,purple,purple,white,red,white,white
brown,brown,brown,white,brown,white,green,green,green,white,white,white,white,purple,white,white,red,green,white,purple,white,purple,purple,white,white,red,red
brown,brown,brown,green,brown,red,green,white,red,white,white,white,white,purple,red,green,white,white,white,purple,white,purple,purple,white,green,white,white
brown,brown,brown,green,brown,white,green,red,red,white,white,white,white,purple,white,green,red,white,white,purple,white,purple,purple,white,green,white,white
brown,brown,brown,green,brown,white,green,white,red,white,white,white,white,purple,red,green,white,red,white,purple,white,purple,purple,white,green,white,white
brown,brown,brown,green,brown,white,green,white,red,white,white,white,white,purple,white,green,red,red,white,purple,white,purple,purple,white,green,white,white
brown,brown,brown,green,brown,white,green,white,white,red,red,white,red,purple,white,green,white,white,white,purple,white,purple,purple,white,green,white,white
brown,brown,brown,green,brown,white,green,white,white,red,red,white,white,purple,white,green,white,white,red,purple,white,purple,purple,white,green,white,white
brown,brown,brown,green,brown,white,green,white,white,red,white,white,red,purple,white,green,white,white,red,purple,white,purple,purple,white,green,white,white
brown,brown,brown,green,brown,white,green,white,white,white,red,red,white,purple,red,green,white,white,white,purple,white,purple,purple,white,green,white,white
brown,brown,brown,green,brown,white,green,white,white,white,red,red,white,purple,white,green,white,white,white,purple,red,purple,purple,white,green,white,white
brown,brown,brown,green,brown,white,green,white,white,white,white,red,white,purple,red,green,white,white,white,purple,red,purple,purple,white,green,white,white
brown,brown,brown,green,brown,white,green,white,white,white,white,white,white,purple,red,green,red,red,white,purple,white,purple,purple,white,green,white,white
brown,brown,brown,green,brown,white,green,white,white,white,white,white,white,purple,red,green,white,red,white,purple,white,purple,purple,white,green,white,red
brown,brown,brown,green,brown,white,green,white,white,white,white,white,white,purple,red,green,white,white,white,purple,red,purple,purple,red,green,white,white
brown,brown,brown,green,brown,white,green,white,white,white,white,white,white,purple,red,green,white,white,white,purple,white,purple,purple,red,green,white,red
brown,brown,brown,green,brown,white,green,white,white,white,white,white,white,purple,white,green,red,red,white,purple,white,purple,purple,white,green,white,red
brown,brown,brown,green,brown,white,green,white,white,white,white,white,white,purple,white,green,red,white,white,purple,white,purple,purple,white,green,red,red
brown,brown,brown,red,brown,green,red,white,green,white,white,white,red,purple,green,white,white,white,white,purple,white,purple,purple,green,white,white,white
brown,brown,brown,white,brown,green,red,red,green,white,white,white,white,purple,green,white,red,white,white,purple,white,purple,purple,green,white,white,white
brown,brown,brown,white,brown,green,red,white,green,white,white,white,red,purple,green,red,white,white,white,purple,white,purple,purple,green,white,white,white
brown,brown,brown,white,brown,green,red,white,green,white,white,white,white,purple,green,red,red,white,white,purple,white,purple,purple,green,white,white,white
brown,brown,brown,white,brown,green,white,white,green,red,red,white,red,purple,green,white,white,white,white,purple,white,purple,purple,green,white,white,white
brown,brown,brown,white,brown,green,white,white,green,red,red,white,white,purple,green,white,white,white,red,purple,white,purple,purple,green,white,white,white
brown,brown,brown,white,brown,green,white,white,green,red,white,white,red,purple,green,white,white,white,red,purple,white,purple,purple,green,white,white,white
brown,brown,brown,white,brown,green,white,white,green,white,red,red,white,purple,green,white,white,white,white,purple,red,purple,purple,green,white,white,white
brown,brown,brown,white,brown,green,white,white,green,white,white,white,red,purple,green,red,red,white,white,purple,white,purple,purple,green,white,white,white
brown,brown,brown,white,brown,green,white,white,green,white,white,white,red,purple,green,red,white,white,white,purple,white,purple,purple,green,red,white,white
brown,brown,brown,white,brown,green,white,white,green,white,white,white,white,purple,green,red,red,white,white,purple,white,purple,purple,green,red,white,white
brown,brown,brown,white,brown,green,white,white,green,white,white,white,white,purple,green,white,red,red,white,purple,white,purple,purple,green,white,white,red
brown,brown,brown,white,brown,green,white,white,green,white,white,white,white,purple,green,white,red,white,white,purple,white,purple,purple,green,white,red,red
brown,brown,brown,red,brown,green,red,white,green,white,white,white,red,purple,white,white,white,green,white,purple,white,purple,purple,white,white,white,green
brown,brown,brown,white,brown,green,red,red,green,white,white,white,white,purple,white,white,red,green,white,purple,white,purple,purple,white,white,white,green
brown,brown,brown,white,brown,green,red,white,green,white,white,white,red,purple,white,red,white,green,white,purple,white,purple,purple,white,white,white,green
brown,brown,brown,white,brown,green,red,white,green,white,white,white,white,purple,white,red,red,green,white,purple,white,purple,purple,white,white,white,green
brown,brown,brown,white,brown,green,white,white,green,red,red,white,red,purple,white,white,white,green,white,purple,white,purple,purple,white,white,white,green
brown,brown,brown,white,brown,green,white,white,green,red,red,white,white,purple,white,white,white,green,red,purple,white,purple,purple,white,white,white,green
brown,brown,brown,white,brown,green,white,white,green,red,white,white,red,purple,white,white,white,green,red,purple,white,purple,purple,white,white,white,green
brown,brown,brown,white,brown,green,white,white,green,white,red,red,white,purple,red,white,white,green,white,purple,white,purple,purple,white,white,white,green
brown,brown,brown,white,brown,green,white,white,green,white,red,red,white,purple,white,white,white,green,white,purple,red,purple,purple,white,white,white,green
brown,brown,brown,white,brown,green,white,white,green,white,white,red,white,purple,red,white,white,green,white,purple,red,purple,purple,white,white,white,green
brown,brown,brown,white,brown,green,white,white,green,white,white,white,red,purple,white,red,red,green,white,purple,white,purple,purple,white,white,white,green
brown,brown,brown,white,brown,green,white,white,green,white,white,white,red,purple,white,red,white,green,white,purple,white,purple,purple,white,red,white,green
brown,brown,brown,white,brown,green,white,white,green,white,white,white,white,purple,red,white,white,green,white,purple,red,purple,purple,red,white,white,green
brown,brown,brown,white,brown,green,white,white,green,white,white,white,white,purple,white,red,red,green,white,purple,white,purple,purple,white,red,white,green
brown,brown,brown,white,brown,red,green,green,red,white,white,white,white,purple,red,green,white,white,white,purple,white,purple,purple,white,green,white,white
brown,brown,brown,white,brown,white,green,green,red,white,white,white,white,purple,red,green,white,red,white,purple,white,purple,purple,white,green,white,white
brown,brown,brown,white,brown,white,green,green,red,white,white,white,white,purple,white,green,red,red,white,purple,white,purple,purple,white,green,white,white
brown,brown,brown,white,brown,white,green,green,white,red,red,white,red,purple,white,green,white,white,white,purple,white,purple,purple,white,green,white,white
brown,brown,brown,white,brown,white,green,green,white,red,red,white,white,purple,white,green,white,white,red,purple,white,purple,purple,white,green,white,white
brown,brown,brown,white,brown,white,green,green,white,red,white,white,red,purple,white,green,white,white,red,purple,white,purple,purple,white,green,white,white
brown,brown,brown,white,brown,white,green,green,white,white,red,red,white,purple,red,green,white,white,white,purple,white,purple,purple,white,green,white,white
brown,brown,brown,white,brown,white,green,green,white,white,red,red,white,purple,white,green,white,white,white,purple,red,purple,purple,white,green,white,white
brown,brown,brown,white,brown,white,green,green,white,white,white,red,white,purple,red,green,white,white,white,purple,red,purple,purple,white,green,white,white
brown,brown,brown,white,brown,white,green,green,white,white,white,white,white,purple,red,green,red,red,white,purple,white,purple,purple,white,green,white,white
brown,brown,brown,white,brown,white,green,green,white,white,white,white,white,purple,red,green,white,red,white,purple,white,purple,purple,white,green,white,red
brown,brown,brown,white,brown,white,green,green,white,white,white,white,white,purple,red,green,white,white,white,purple,red,purple,purple,red,green,white,white
brown,brown,brown,white,brown,white,green,green,white,white,white,white,white,purple,red,green,white,white,white,purple,white,purple,purple,red,green,white,red
brown,brown,brown,white,brown,white,green,green,white,white,white,white,white,purple,white,green,red,red,white,purple,white,purple,purple,white,green,white,red
brown,brown,brown,white,brown,white,green,green,white,white,white,white,white,purple,white,green,red,white,white,purple,white,purple,purple,white,green,red,red
brown,brown,brown,white,brown,red,green,green,red,white,white,white,white,purple,red,white,green,white,white,purple,white,purple,purple,white,white,green,white
brown,brown,brown,white,brown,white,green,green,red,white,white,white,white,purple,red,white,green,red,white,purple,white,purple,purple,white,white,green,white
brown,brown,brown,white,brown,white,green,green,white,red,red,white,red,purple,white,white,green,white,white,purple,white,purple,purple,white,white,green,white
brown,brown,brown,white,brown,white,green,green,white,red,red,white,white,purple,white,white,green,white,red,purple,white,purple,purple,white,white,green,white
brown,brown,brown,white,brown,white,green,green,white,red,white,white,red,purple,white,white,green,white,red,purple,white,purple,purple,white,white,green,white
brown,brown,brown,white,brown,white,green,green,white,white,red,red,white,purple,red,white,green,white,white,purple,white,purple,purple,white,white,green,white
brown,brown,brown,white,brown,white,green,green,white,white,red,red,white,purple,white,white,green,white,white,purple,red,purple,purple,white,white,green,white
brown,brown,brown,white,brown,white,green,green,white,white,white,red,white,purple,red,white,green,white,white,purple,red,purple,purple,white,white,green,white
brown,brown,brown,white,brown,white,green,green,white,white,white,white,red,purple,white,red,green,white,white,purple,white,purple,purple,white,red,green,white
brown,brown,brown,white,brown,white,green,green,white,white,white,white,white,purple,red,white,green,red,white,purple,white,purple,purple,white,white,green,red
brown,brown,brown,white,brown,white,green,green,white,white,white,white,white,purple,red,white,green,white,white,purple,red,purple,purple,red,white,green,white
brown,brown,brown,white,brown,white,green,green,white,white,white,white,white,purple,red,white,green,white,white,purple,white,purple,purple,red,white,green,red
brown,brown,brown,red,brown,white,red,green,green,white,white,white,red,purple,white,white,green,white,white,purple,white,purple,purple,white,white,green,white
brown,brown,brown,white,brown,white,red,green,green,white,white,white,red,purple,white,red,green,white,white,purple,white,purple,purple,white,white,green,white
brown,brown,brown,white,brown,white,white,green,green,red,red,white,red,purple,white,white,green,white,white,purple,white,purple,purple,white,white,green,white
brown,brown,brown,white,brown,white,white,green,green,red,red,white,white,purple,white,white,green,white,red,purple,white,purple,purple,white,white,green,white
brown,brown,brown,white,brown,white,white,green,green,red,white,white,red,purple,white,white,green,white,red,purple,white,purple,purple,white,white,green,white
brown,brown,brown,white,brown,white,white,green,green,white,red,red,white,purple,red,white,green,white,white,purple,white,purple,purple,white,white,green,white
brown,brown,brown,white,brown,white,white,green,green,white,red,red,white,purple,white,white,green,white,white,purple,red,purple,purple,white,white,green,white
brown,brown,brown,white,brown,white,white,green,green,white,white,red,white,purple,red,white,green,white,white,purple,red,purple,purple,white,white,green,white
brown,brown,brown,white,brown,white,white,green,green,white,white,white,red,purple,white,red,green,white,white,purple,white,purple,purple,white,red,green,white
brown,brown,brown,white,brown,white,white,green,green,white,white,white,white,purple,red,white,green,red,white,purple,white,purple,purple,white,white,green,red
brown,brown,brown,white,brown,white,white,green,green,white,white,white,white,purple,red,white,green,white,white,purple,red,purple,purple,red,white,green,white
brown,brown,brown,white,brown,white,white,green,green,white,white,white,white,purple,red,white,green,white,white,purple,white,purple,purple,red,white,green,red
brown,brown,brown,red,brown,white,red,green,green,white,white,white,red,purple,white,white,white,green,white,purple,white,purple,purple,white,white,white,green
brown,brown,brown,white,brown,white,red,green,green,white,white,white,red,purple,white,red,white,green,white,purple,white,purple,purple,white,white,white,green
brown,brown,brown,white,brown,white,red,green,green,white,white,white,white,purple,white,red,red,green,white,purple,white,purple,purple,white,white,white,green
brown,brown,brown,white,brown,white,white,green,green,red,red,white,red,purple,white,white,white,green,white,purple,white,purple,purple,white,white,white,green
brown,brown,brown,white,brown,white,white,green,green,red,red,white,white,purple,white,white,white,green,red,purple,white,purple,purple,white,white,white,green
brown,brown,brown,white,brown,white,white,green,green,red,white,white,red,purple,white,white,white,green,red,purple,white,purple,purple,white,white,white,green
brown,brown,brown,white,brown,white,white,green,green,white,red,red,white,purple,red,white,white,green,white,purple,white,purple,purple,white,white,white,green
brown,brown,brown,white,brown,white,white,green,green,white,red,red,white,purple,white,white,white,green,white,purple,red,purple,purple,white,white,white,green
brown,brown,brown,white,brown,white,white,green,green,white,white,red,white,purple,red,white,white,green,white,purple,red,purple,purple,white,white,white,green
brown,brown,brown,white,brown,white,white,green,green,white,white,white,red,purple,white,red,red,green,white,purple,white,purple,purple,white,white,white,green
brown,brown,brown,white,brown,white,white,green,green,white,white,white,red,purple,white,red,white,green,white,purple,white,purple,purple,white,red,white,green
brown,brown,brown,white,brown,white,white,green,green,white,white,white,white,purple,red,white,white,green,white,purple,red,purple,purple,red,white,white,green
brown,brown,brown,white,brown,white,white,green,green,white,white,white,white,purple,white,red,red,green,white,purple,white,purple,purple,white,red,white,green
brown,brown,brown,red,brown,green,red,white,white,white,white,white,red,purple,green,white,white,white,white,purple,green,purple,purple,green,white,white,white
brown,brown,brown,white,brown,green,red,red,white,white,white,white,white,purple,green,white,red,white,white,purple,green,purple,purple,green,white,white,white
brown,brown,brown,white,brown,green,white,red,red,white,white,white,white,purple,green,white,red,white,white,purple,green,purple,purple,green,white,white,white
brown,brown,brown,white,brown,green,red,white,white,white,white,white,red,purple,green,red,white,white,white,purple,green,purple,purple,green,white,white,white
brown,brown,brown,white,brown,green,red,white,white,white,white,white,white,purple,green,red,red,white,white,purple,green,purple,purple,green,white,white,white
brown,brown,brown,white,brown,green,white,white,red,white,white,white,white,purple,green,white,red,red,white,purple,green,purple,purple,green,white,white,white
brown,brown,brown,white,brown,green,white,white,white,red,red,white,red,purple,green,white,white,white,white,purple,green,purple,purple,green,white,white,white
brown,brown,brown,white,brown,green,white,white,white,red,red,white,white,purple,green,white,white,white,red,purple,green,purple,purple,green,white,white,white
brown,brown,brown,white,brown,green,white,white,white,red,white,white,red,purple,green,white,white,white,red,purple,green,purple,purple,green,white,white,white
brown,brown,brown,white,brown,green,white,white,white,white,white,white,red,purple,green,red,red,white,white,purple,green,purple,purple,green,white,white,white
brown,brown,brown,white,brown,green,white,white,white,white,white,white,red,purple,green,red,white,white,white,purple,green,purple,purple,green,red,white,white
brown,brown,brown,white,brown,green,white,white,white,white,white,white,white,purple,green,red,red,white,white,purple,green,purple,purple,green,red,white,white
brown,brown,brown,white,brown,green,white,white,white,white,white,white,white,purple,green,white,red,red,white,purple,green,purple,purple,green,white,white,red
brown,brown,brown,white,brown,green,white,white,white,white,white,white,white,purple,green,white,red,white,white,purple,green,purple,purple,green,white,red,red
brown,brown,brown,red,brown,green,red,white,white,white,white,white,red,purple,green,white,white,white,white,purple,white,purple,purple,green,white,white,green
brown,brown,brown,white,brown,green,red,red,white,white,white,white,white,purple,green,white,red,white,white,purple,white,purple,purple,green,white,white,green
brown,brown,brown,white,brown,green,white,red,red,white,white,white,white,purple,green,white,red,white,white,purple,white,purple,purple,green,white,white,green
brown,brown,brown,white,brown,green,red,white,white,white,white,white,red,purple,green,red,white,white,white,purple,white,purple,purple,green,white,white,green
brown,brown,brown,white,brown,green,red,white,white,white,white,white,white,purple,green,red,red,white,white,purple,white,purple,purple,green,white,white,green
brown,brown,brown,white,brown,green,white,white,red,white,white,white,white,purple,green,white,red,red,white,purple,white,purple,purple,green,white,white,green
brown,brown,brown,white,brown,green,white,white,white,red,red,white,red,purple,green,white,white,white,white,purple,white,purple,purple,green,white,white,green
brown,brown,brown,white,brown,green,white,white,white,red,red,white,white,purple,green,white,white,white,red,purple,white,purple,purple,green,white,white,green
brown,brown,brown,white,brown,green,white,white,white,red,white,white,red,purple,green,white,white,white,red,purple,white,purple,purple,green,white,white,green
brown,brown,brown,white,brown,green,white,white,white,white,red,red,white,purple,green,white,white,white,white,purple,red,purple,purple,green,white,white,green
brown,brown,brown,white,brown,green,white,white,white,white,white,white,red,purple,green,red,red,white,white,purple,white,purple,purple,green,white,white,green
brown,brown,brown,white,brown,green,white,white,white,white,white,white,red,purple,green,red,white,white,white,purple,white,purple,purple,green,red,white,green
brown,brown,brown,white,brown,green,white,white,white,white,white,white,white,purple,green,red,red,white,white,purple,white,purple,purple,green,red,white,green
brown,brown,brown,white,brown,red,green,white,red,green,white,white,green,purple,red,green,white,white,white,purple,white,purple,purple,white,white,white,white
brown,brown,brown,white,brown,white,green,red,red,green,white,white,green,purple,white,green,red,white,white,purple,white,purple,purple,white,white,white,white
brown,brown,brown,white,brown,white,green,white,red,green,white,white,green,purple,red,green,white,red,white,purple,white,purple,purple,white,white,white,white
brown,brown,brown,white,brown,white,green,white,red,green,white,white,green,purple,white,green,red,red,white,purple,white,purple,purple,white,white,white,white
brown,brown,brown,white,brown,white,green,white,white,green,red,red,green,purple,red,green,white,white,white,purple,white,purple,purple,white,white,white,white
brown,brown,brown,white,brown,white,green,white,white,green,red,red,green,purple,white,green,white,white,white,purple,red,purple,purple,white,white,white,white
brown,brown,brown,white,brown,white,green,white,white,green,white,red,green,purple,red,green,white,white,white,purple,red,purple,purple,white,white,white,white
brown,brown,brown,white,brown,white,green,white,white,green,white,white,green,purple,red,green,red,red,white,purple,white,purple,purple,white,white,white,white
brown,brown,brown,white,brown,white,green,white,white,green,white,white,green,purple,red,green,white,red,white,purple,white,purple,purple,white,white,white,red
brown,brown,brown,white,brown,white,green,white,white,green,white,white,green,purple,red,green,white,white,white,purple,red,purple,purple,red,white,white,white
brown,brown,brown,white,brown,white,green,white,white,green,white,white,green,purple,red,green,white,white,white,purple,white,purple,purple,red,white,white,red
brown,brown,brown,white,brown,white,green,white,white,green,white,white,green,purple,white,green,red,red,white,purple,white,purple,purple,white,white,white,red
brown,brown,brown,white,brown,white,green,white,white,green,white,white,green,purple,white,green,red,white,white,purple,white,purple,purple,white,white,red,red
brown,brown,brown,white,brown,red,green,white,red,white,white,white,white,purple,red,green,green,green,white,purple,white,purple,purple,white,white,white,white
brown,brown,brown,white,brown,white,green,white,white,red,red,white,red,purple,white,green,green,green,white,purple,white,purple,purple,white,white,white,white
brown,brown,brown,white,brown,white,green,white,white,red,red,white,white,purple,white,green,green,green,red,purple,white,purple,purple,white,white,white,white
brown,brown,brown,white,brown,white,green,white,white,red,white,white,red,purple,white,green,green,green,red,purple,white,purple,purple,white,white,white,white
brown,brown,brown,white,brown,white,green,white,white,white,red,red,white,purple,red,green,green,green,white,purple,white,purple,purple,white,white,white,white
brown,brown,brown,white,brown,white,green,white,white,white,red,red,white,purple,white,green,green,green,white,purple,red,purple,purple,white,white,white,white
brown,brown,brown,white,brown,white,green,white,white,white,white,red,white,purple,red,green,green,green,white,purple,red,purple,purple,white,white,white,white
brown,brown,brown,white,brown,white,green,white,white,white,white,white,white,purple,red,green,green,green,white,purple,red,purple,purple,red,white,white,white
brown,brown,brown,white,brown,white,green,white,white,white,white,white,white,purple,red,green,green,green,white,purple,white,purple,purple,red,white,white,red
brown,brown,brown,white,brown,red,green,white,red,white,white,white,white,purple,red,green,white,white,white,purple,white,purple,purple,white,green,green,white
brown,brown,brown,white,brown,white,green,red,red,white,white,white,white,purple,white,green,red,white,white,purple,white,purple,purple,white,green,green,white
brown,brown,brown,white,brown,white,green,white,red,white,white,white,white,purple,red,green,white,red,white,purple,white,purple,purple,white,green,green,white
brown,brown,brown,white,brown,white,green,white,red,white,white,white,white,purple,white,green,red,red,white,purple,white,purple,purple,white,green,green,white
brown,brown,brown,white,brown,white,green,white,white,red,red,white,red,purple,white,green,white,white,white,purple,white,purple,purple,white,green,green,white
brown,brown,brown,white,brown,white,green,white,white,red,red,white,white,purple,white,green,white,white,red,purple,white,purple,purple,white,green,green,white
brown,brown,brown,white,brown,white,green,white,white,red,white,white,red,purple,white,green,white,white,red,purple,white,purple,purple,white,green,green,white
brown,brown,brown,white,brown,white,green,white,white,white,red,red,white,purple,red,green,white,white,white,purple,white,purple,purple,white,green,green,white
brown,brown,brown,white,brown,white,green,white,white,white,red,red,white,purple,white,green,white,white,white,purple,red,purple,purple,white,green,green,white
brown,brown,brown,white,brown,white,green,white,white,white,white,red,white,purple,red,green,white,white,white,purple,red,purple,purple,white,green,green,white
brown,brown,brown,white,brown,white,green,white,white,white,white,white,white,purple,red,green,red,red,white,purple,white,purple,purple,white,green,green,white
brown,brown,brown,white,brown,white,green,white,white,white,white,white,white,purple,red,green,white,red,white,purple,white,purple,purple,white,green,green,red
brown,brown,brown,white,brown,white,green,white,white,white,white,white,white,purple,red,green,white,white,white,purple,red,purple,purple,red,green,green,white
brown,brown,brown,white,brown,white,green,white,white,white,white,white,white,purple,red,green,white,white,white,purple,white,purple,purple,red,green,green,red
brown,brown,brown,white,brown,white,green,white,white,white,white,white,white,purple,white,green,red,red,white,purple,white,purple,purple,white,green,green,red
brown,brown,brown,red,brown,white,red,green,white,white,white,white,red,purple,white,white,green,white,white,purple,white,purple,purple,white,green,green,white
brown,brown,brown,white,brown,red,white,green,red,white,white,white,white,purple,red,white,green,white,white,purple,white,purple,purple,white,green,green,white
brown,brown,brown,white,brown,white,red,green,white,white,white,white,red,purple,white,red,green,white,white,purple,white,purple,purple,white,green,green,white
brown,brown,brown,white,brown,white,white,green,red,white,white,white,white,purple,red,white,green,red,white,purple,white,purple,purple,white,green,green,white
brown,brown,brown,white,brown,white,white,green,white,red,red,white,red,purple,white,white,green,white,white,purple,white,purple,purple,white,green,green,white
brown,brown,brown,white,brown,white,white,green,white,red,red,white,white,purple,white,white,green,white,red,purple,white,purple,purple,white,green,green,white
brown,brown,brown,white,brown,white,white,green,white,red,white,white,red,purple,white,white,green,white,red,purple,white,purple,purple,white,green,green,white
brown,brown,brown,white,brown,white,white,green,white,white,red,red,white,purple,red,white,green,white,white,purple,white,purple,purple,white,green,green,white
brown,brown,brown,white,brown,white,white,green,white,white,red,red,white,purple,white,white,green,white,white,purple,red,purple,purple,white,green,green,white
brown,brown,brown,white,brown,white,white,green,white,white,white,red,white,purple,red,white,green,white,white,purple,red,purple,purple,white,green,green,white
brown,brown,brown,white,brown,white,white,green,white,white,white,white,white,purple,red,white,green,red,white,purple,white,purple,purple,white,green,green,red
brown,brown,brown,white,brown,white,white,green,white,white,white,white,white,purple,red,white,green,white,white,purple,red,purple,purple,red,green,green,white
brown,brown,brown,white,brown,white,white,green,white,white,white,white,white,purple,red,white,green,white,white,purple,white,purple,purple,red,green,green,red
brown,brown,brown,red,brown,white,red,green,white,white,white,white,red,purple,white,white,green,white,white,purple,white,purple,purple,white,white,green,green
brown,brown,brown,white,brown,red,white,green,red,white,white,white,white,purple,red,white,green,white,white,purple,white,purple,purple,white,white,green,green
brown,brown,brown,white,brown,white,red,green,white,white,white,white,red,purple,white,red,green,white,white,purple,white,purple,purple,white,white,green,green
brown,brown,brown,white,brown,white,white,green,red,white,white,white,white,purple,red,white,green,red,white,purple,white,purple,purple,white,white,green,green
brown,brown,brown,white,brown,white,white,green,white,red,red,white,red,purple,white,white,green,white,white,purple,white,purple,purple,white,white,green,green
brown,brown,brown,white,brown,white,white,green,white,red,red,white,white,purple,white,white,green,white,red,purple,white,purple,purple,white,white,green,green
brown,brown,brown,white,brown,white,white,green,white,red,white,white,red,purple,white,white,green,white,red,purple,white,purple,purple,white,white,green,green
brown,brown,brown,white,brown,white,white,green,white,white,red,red,white,purple,red,white,green,white,white,purple,white,purple,purple,white,white,green,green
brown,brown,brown,white,brown,white,white,green,white,white,red,red,white,purple,white,white,green,white,white,purple,red,purple,purple,white,white,green,green
brown,brown,brown,white,brown,white,white,green,white,white,white,red,white,purple,red,white,green,white,white,purple,red,purple,purple,white,white,green,green
brown,brown,brown,white,brown,white,white,green,white,white,white,white,red,purple,white,red,green,white,white,purple,white,purple,purple,white,red,green,green
brown,brown,brown,white,brown,white,white,green,white,white,white,white,white,purple,red,white,green,white,white,purple,red,purple,purple,red,white,green,green
brown,brown,brown,red,brown,white,red,white,green,white,white,green,red,purple,green,white,white,green,white,purple,white,purple,purple,white,white,white,white
brown,brown,brown,white,brown,white,red,red,green,white,white,green,white,purple,green,white,red,green,white,purple,white,purple,purple,white,white,white,white
brown,brown,brown,white,brown,white,red,white,green,white,white,green,red,purple,green,red,white,green,white,purple,white,purple,purple,white,white,white,white
brown,brown,brown,white,brown,white,red,white,green,white,white,green,white,purple,green,red,red,green,white,purple,white,purple,purple,white,white,white,white
brown,brown,brown,white,brown,white,white,white,green,red,red,green,red,purple,green,white,white,green,white,purple,white,purple,purple,white,white,white,white
brown,brown,brown,white,brown,white,white,white,green,red,red,green,white,purple,green,white,white,green,red,purple,white,purple,purple,white,white,white,white
brown,brown,brown,white,brown,white,white,white,green,red,white,green,red,purple,green,white,white,green,red,purple,white,purple,purple,white,white,white,white
brown,brown,brown,white,brown,white,white,white,green,white,white,green,red,purple,green,red,red,green,white,purple,white,purple,purple,white,white,white,white
brown,brown,brown,white,brown,white,white,white,green,white,white,green,red,purple,green,red,white,green,white,purple,white,purple,purple,white,red,white,white
brown,brown,brown,white,brown,white,white,white,green,white,white,green,white,purple,green,red,red,green,white,purple,white,purple,purple,white,red,white,white
brown,brown,brown,white,brown,white,white,white,green,white,white,green,white,purple,green,white,red,green,white,purple,white,purple,purple,white,white,red,red
brown,brown,brown,red,brown,white,red,white,green,white,white,white,red,purple,white,green,green,green,white,purple,white,purple,purple,white,white,white,white
brown,brown,brown,white,brown,white,white,white,green,red,red,white,red,purple,white,green,green,green,white,purple,white,purple,purple,white,white,white,white
brown,brown,brown,white,brown,white,white,white,green,red,red,white,white,purple,white,green,green,green,red,purple,white,purple,purple,white,white,white,white
brown,brown,brown,white,brown,white,white,white,green,red,white,white,red,purple,white,green,green,green,red,purple,white,purple,purple,white,white,white,white
brown,brown,brown,white,brown,white,white,white,green,white,red,red,white,purple,red,green,green,green,white,purple,white,purple,purple,white,white,white,white
brown,brown,brown,white,brown,white,white,white,green,white,red,red,white,purple,white,green,green,green,white,purple,red,purple,purple,white,white,white,white
brown,brown,brown,white,brown,white,white,white,green,white,white,red,white,purple,red,green,green,green,white,purple,red,purple,purple,white,white,white,white
brown,brown,brown,white,brown,white,white,white,green,white,white,white,white,purple,red,green,green,green,white,purple,red,purple,purple,red,white,white,white
brown,brown,brown,white,brown,white,white,white,green,white,white,white,white,purple,red,green,green,green,white,purple,white,purple,purple,red,white,white,red
brown,brown,brown,red,brown,white,red,white,green,white,white,white,red,purple,white,white,white,green,white,purple,white,purple,purple,green,white,white,green
brown,brown,brown,white,brown,white,red,red,green,white,white,white,white,purple,white,white,red,green,white,purple,white,purple,purple,green,white,white,green
brown,brown,brown,white,brown,white,red,white,green,white,white,white,red,purple,white,red,white,green,white,purple,white,purple,purple,green,white,white,green
brown,brown,brown,white,brown,white,red,white,green,white,white,white,white,purple,white,red,red,green,white,purple,white,purple,purple,green,white,white,green
brown,brown,brown,white,brown,white,white,white,green,red,red,white,red,purple,white,white,white,green,white,purple,white,purple,purple,green,white,white,green
brown,brown,brown,white,brown,white,white,white,green,red,red,white,white,purple,white,white,white,green,red,purple,white,purple,purple,green,white,white,green
brown,brown,brown,white,brown,white,white,white,green,red,white,white,red,purple,white,white,white,green,red,purple,white,purple,purple,green,white,white,green
brown,brown,brown,white,brown,white,white,white,green,white,red,red,white,purple,red,white,white,green,white,purple,white,purple,purple,green,white,white,green
brown,brown,brown,white,brown,white,white,white,green,white,red,red,white,purple,white,white,white,green,white,purple,red,purple,purple,green,white,white,green
brown,brown,brown,white,brown,white,white,white,green,white,white,red,white,purple,red,white,white,green,white,purple,red,purple,purple,green,white,white,green
brown,brown,brown,white,brown,white,white,white,green,white,white,white,red,purple,white,red,red,green,white,purple,white,purple,purple,green,white,white,green
brown,brown,brown,white,brown,white,white,white,green,white,white,white,red,purple,white,red,white,green,white,purple,white,purple,purple,green,red,white,green
brown,brown,brown,white,brown,white,white,white,green,white,white,white,white,purple,white,red,red,green,white,purple,white,purple,purple,green,red,white,green
brown,brown,brown,red,brown,white,red,white,green,white,white,white,red,purple,white,white,white,green,white,purple,white,purple,purple,white,white,green,green
brown,brown,brown,white,brown,white,red,red,green,white,white,white,white,purple,white,white,red,green,white,purple,white,purple,purple,white,white,green,green
brown,brown,brown,white,brown,white,red,white,green,white,white,white,red,purple,white,red,white,green,white,purple,white,purple,purple,white,white,green,green
brown,brown,brown,white,brown,white,red,white,green,white,white,white,white,purple,white,red,red,green,white,purple,white,purple,purple,white,white,green,green
brown,brown,brown,white,brown,white,white,white,green,red,red,white,red,purple,white,white,white,green,white,purple,white,purple,purple,white,white,green,green
brown,brown,brown,white,brown,white,white,white,green,red,red,white,white,purple,white,white,white,green,red,purple,white,purple,purple,white,white,green,green
brown,brown,brown,white,brown,white,white,white,green,red,white,white,red,purple,white,white,white,green,red,purple,white,purple,purple,white,white,green,green
brown,brown,brown,white,brown,white,white,white,green,white,red,red,white,purple,red,white,white,green,white,purple,white,purple,purple,white,white,green,green
brown,brown,brown,white,brown,white,white,white,green,white,red,red,white,purple,white,white,white,green,white,purple,red,purple,purple,white,white,green,green
brown,brown,brown,white,brown,white,white,white,green,white,white,red,white,purple,red,white,white,green,white,purple,red,purple,purple,white,white,green,green
brown,brown,brown,white,brown,white,white,white,green,white,white,white,red,purple,white,red,red,green,white,purple,white,purple,purple,white,white,green,green
brown,brown,brown,white,brown,white,white,white,green,white,white,white,red,purple,white,red,white,green,white,purple,white,purple,purple,white,red,green,green
brown,brown,brown,white,brown,white,white,white,green,white,white,white,white,purple,red,white,white,green,white,purple,red,purple,purple,red,white,green,green
brown,brown,brown,white,brown,white,white,white,green,white,white,white,white,purple,white,red,red,green,white,purple,white,purple,purple,white,red,green,green
brown,brown,brown,red,brown,white,red,white,white,green,green,green,red,purple,white,white,white,white,green,purple,white,purple,purple,white,white,white,white
brown,brown,brown,white,brown,red,white,white,red,green,green,green,white,purple,red,white,white,white,green,purple,white,purple,purple,white,white,white,white
brown,brown,brown,white,brown,white,red,red,white,green,green,green,white,purple,white,white,red,white,green,purple,white,purple,purple,white,white,white,white
brown,brown,brown,white,brown,white,white,red,red,green,green,green,white,purple,white,white,red,white,green,purple,white,purple,purple,white,white,white,white
brown,brown,brown,white,brown,white,red,white,white,green,green,green,red,purple,white,red,white,white,green,purple,white,purple,purple,white,white,white,white
brown,brown,brown,white,brown,white,red,white,white,green,green,green,white,purple,white,red,red,white,green,purple,white,purple,purple,white,white,white,white
brown,brown,brown,white,brown,white,white,white,red,green,green,green,white,purple,red,white,white,red,green,purple,white,purple,purple,white,white,white,white
brown,brown,brown,white,brown,white,white,white,red,green,green,green,white,purple,white,white,red,red,green,purple,white,purple,purple,white,white,white,white
brown,brown,brown,white,brown,white,white,white,white,green,green,green,red,purple,white,red,red,white,green,purple,white,purple,purple,white,white,white,white
brown,brown,brown,white,brown,white,white,white,white,green,green,green,red,purple,white,red,white,white,green,purple,white,purple,purple,white,red,white,white
brown,brown,brown,white,brown,white,white,white,white,green,green,green,white,purple,red,white,red,red,green,purple,white,purple,purple,white,white,white,white
brown,brown,brown,white,brown,white,white,white,white,green,green,green,white,purple,red,white,white,red,green,purple,white,purple,purple,white,white,white,red
brown,brown,brown,white,brown,white,white,white,white,green,green,green,white,purple,red,white,white,white,green,purple,red,purple,purple,red,white,white,white
brown,brown,brown,white,brown,white,white,white,white,green,green,green,white,purple,red,white,white,white,green,purple,white,purple,purple,red,white,white,red
brown,brown,brown,white,brown,white,white,white,white,green,green,green,white,purple,white,red,red,white,green,purple,white,purple,purple,white,red,white,white
brown,brown,brown,white,brown,white,white,white,white,green,green,green,white,purple,white,white,red,red,green,purple,white,purple,purple,white,white,white,red
brown,brown,brown,white,brown,white,white,white,white,green,green,green,white,purple,white,white,red,white,green,purple,white,purple,purple,white,white,red,red
brown,brown,brown,red,brown,white,red,white,white,green,green,green,red,purple,white,white,white,white,white,purple,green,purple,purple,white,white,white,white
brown,brown,brown,white,brown,red,white,white,red,green,green,green,white,purple,red,white,white,white,white,purple,green,purple,purple,white,white,white,white
brown,brown,brown,white,brown,white,red,red,white,green,green,green,white,purple,white,white,red,white,white,purple,green,purple,purple,white,white,white,white
brown,brown,brown,white,brown,white,white,red,red,green,green,green,white,purple,white,white,red,white,white,purple,green,purple,purple,white,white,white,white
brown,brown,brown,white,brown,white,red,white,white,green,green,green,red,purple,white,red,white,white,white,purple,green,purple,purple,white,white,white,white
brown,brown,brown,white,brown,white,red,white,white,green,green,green,white,purple,white,red,red,white,white,purple,green,purple,purple,white,white,white,white
brown,brown,brown,white,brown,white,white,white,red,green,green,green,white,purple,red,white,white,red,white,purple,green,purple,purple,white,white,white,white
brown,brown,brown,white,brown,white,white,white,red,green,green,green,white,purple,white,white,red,red,white,purple,green,purple,purple,white,white,white,white
brown,brown,brown,white,brown,white,white,white,white,green,green,green,red,purple,white,red,red,white,white,purple,green,purple,purple,white,white,white,white
brown,brown,brown,white,brown,white,white,white,white,green,green,green,red,purple,white,red,white,white,white,purple,green,purple,purple,white,red,white,white
brown,brown,brown,white,brown,white,white,white,white,green,green,green,white,purple,red,white,red,red,white,purple,green,purple,purple,white,white,white,white
brown,brown,brown,white,brown,white,white,white,white,green,green,green,white,purple,red,white,white,red,white,purple,green,purple,purple,white,white,white,red
brown,brown,brown,white,brown,white,white,white,white,green,green,green,white,purple,red,white,white,white,white,purple,green,purple,purple,red,white,white,red
brown,brown,brown,white,brown,white,white,white,white,green,green,green,white,purple,white,red,red,white,white,purple,green,purple,purple,white,red,white,white
brown,brown,brown,white,brown,white,white,white,white,green,green,green,white,purple,white,white,red,red,white,purple,green,purple,purple,white,white,white,red
brown,brown,brown,white,brown,white,white,white,white,green,green,green,white,purple,white,white,red,white,white,purple,green,purple,purple,white,white,red,red
brown,brown,brown,white,brown,red,white,white,red,green,white,white,green,purple,red,green,white,white,green,purple,white,purple,purple,white,white,white,white
brown,brown,brown,white,brown,white,red,red,white,green,white,white,green,purple,white,green,red,white,green,purple,white,purple,purple,white,white,white,white
brown,brown,brown,white,brown,white,white,red,red,green,white,white,green,purple,white,green,red,white,green,purple,white,purple,purple,white,white,white,white
brown,brown,brown,white,brown,white,white,white,red,green,white,white,green,purple,red,green,white,red,green,purple,white,purple,purple,white,white,white,white
brown,brown,brown,white,brown,white,white,white,red,green,white,white,green,purple,white,green,red,red,green,purple,white,purple,purple,white,white,white,white
brown,brown,brown,white,brown,white,white,white,white,green,red,red,green,purple,red,green,white,white,green,purple,white,purple,purple,white,white,white,white
brown,brown,brown,white,brown,white,white,white,white,green,red,red,green,purple,white,green,white,white,green,purple,red,purple,purple,white,white,white,white
brown,brown,brown,white,brown,white,white,white,white,green,white,red,green,purple,red,green,white,white,green,purple,red,purple,purple,white,white,white,white
brown,brown,brown,white,brown,white,white,white,white,green,white,white,green,purple,red,green,red,red,green,purple,white,purple,purple,white,white,white,white
brown,brown,brown,white,brown,white,white,white,white,green,white,white,green,purple,red,green,white,red,green,purple,white,purple,purple,white,white,white,red
brown,brown,brown,white,brown,white,white,white,white,green,white,white,green,purple,red,green,white,white,green,purple,red,purple,purple,red,white,white,white
brown,brown,brown,white,brown,white,white,white,white,green,white,white,green,purple,red,green,white,white,green,purple,white,purple,purple,red,white,white,red
brown,brown,brown,white,brown,white,white,white,white,green,white,white,green,purple,white,green,red,red,green,purple,white,purple,purple,white,white,white,red
brown,brown,brown,white,brown,white,white,white,white,green,white,white,green,purple,white,green,red,white,green,purple,white,purple,purple,white,white,red,red
brown,brown,brown,white,brown,red,white,white,red,green,white,white,green,purple,red,green,white,white,white,purple,white,purple,purple,white,green,white,white
brown,brown,brown,white,brown,white,red,red,white,green,white,white,green,purple,white,green,red,white,white,purple,white,purple,purple,white,green,white,white
brown,brown,brown,white,brown,white,white,red,red,green,white,white,green,purple,white,green,red,white,white,purple,white,purple,purple,white,green,white,white
brown,brown,brown,white,brown,white,white,white,red,green,white,white,green,purple,red,green,white,red,white,purple,white,purple,purple,white,green,white,white
brown,brown,brown,white,brown,white,white,white,red,green,white,white,green,purple,white,green,red,red,white,purple,white,purple,purple,white,green,white,white
brown,brown,brown,white,brown,white,white,white,white,green,red,red,green,purple,red,green,white,white,white,purple,white,purple,purple,white,green,white,white
brown,brown,brown,white,brown,white,white,white,white,green,red,red,green,purple,white,green,white,white,white,purple,red,purple,purple,white,green,white,white
brown,brown,brown,white,brown,white,white,white,white,green,white,red,green,purple,red,green,white,white,white,purple,red,purple,purple,white,green,white,white
brown,brown,brown,white,brown,white,white,white,white,green,white,white,green,purple,red,green,red,red,white,purple,white,purple,purple,white,green,white,white
brown,brown,brown,white,brown,white,white,white,white,green,white,white,green,purple,red,green,white,red,white,purple,white,purple,purple,white,green,white,red
brown,brown,brown,white,brown,white,white,white,white,green,white,white,green,purple,red,green,white,white,white,purple,red,purple,purple,red,green,white,white
brown,brown,brown,white,brown,white,white,white,white,green,white,white,green,purple,red,green,white,white,white,purple,white,purple,purple,red,green,white,red
brown,brown,brown,white,brown,white,white,white,white,green,white,white,green,purple,white,green,red,red,white,purple,white,purple,purple,white,green,white,red
brown,brown,brown,white,brown,white,white,white,white,green,white,white,green,purple,white,green,red,white,white,purple,white,purple,purple,white,green,red,red
brown,brown,brown,red,brown,white,red,white,white,white,white,green,red,purple,green,white,white,green,white,purple,green,purple,purple,white,white,white,white
brown,brown,brown,white,brown,white,red,red,white,white,white,green,white,purple,green,white,red,green,white,purple,green,purple,purple,white,white,white,white
brown,brown,brown,white,brown,white,white,red,red,white,white,green,white,purple,green,white,red,green,white,purple,green,purple,purple,white,white,white,white
brown,brown,brown,white,brown,white,red,white,white,white,white,green,red,purple,green,red,white,green,white,purple,green,purple,purple,white,white,white,white
brown,brown,brown,white,brown,white,red,white,white,white,white,green,white,purple,green,red,red,green,white,purple,green,purple,purple,white,white,white,white
brown,brown,brown,white,brown,white,white,white,white,red,red,green,red,purple,green,white,white,green,white,purple,green,purple,purple,white,white,white,white
brown,brown,brown,white,brown,white,white,white,white,red,red,green,white,purple,green,white,white,green,red,purple,green,purple,purple,white,white,white,white
brown,brown,brown,white,brown,white,white,white,white,red,white,green,red,purple,green,white,white,green,red,purple,green,purple,purple,white,white,white,white
brown,brown,brown,white,brown,white,white,white,white,white,white,green,red,purple,green,red,red,green,white,purple,green,purple,purple,white,white,white,white
brown,brown,brown,white,brown,white,white,white,white,white,white,green,red,purple,green,red,white,green,white,purple,green,purple,purple,white,red,white,white
brown,brown,brown,white,brown,white,white,white,white,white,white,green,white,purple,green,red,red,green,white,purple,green,purple,purple,white,red,white,white
brown,brown,brown,white,brown,white,white,white,white,white,white,green,white,purple,green,white,red,green,white,purple,green,purple,purple,white,white,red,red
brown,brown,brown,red,brown,white,red,white,white,white,white,green,red,purple,green,white,white,green,white,purple,white,purple,purple,white,white,white,green
brown,brown,brown,white,brown,white,red,red,white,white,white,green,white,purple,green,white,red,green,white,purple,white,purple,purple,white,white,white,green
brown,brown,brown,white,brown,white,white,red,red,white,white,green,white,purple,green,white,red,green,white,purple,white,purple,purple,white,white,white,green
brown,brown,brown,white,brown,white,red,white,white,white,white,green,red,purple,green,red,white,green,white,purple,white,purple,purple,white,white,white,green
brown,brown,brown,white,brown,white,red,white,white,white,white,green,white,purple,green,red,red,green,white,purple,white,purple,purple,white,white,white,green
brown,brown,brown,white,brown,white,white,white,white,red,red,green,red,purple,green,white,white,green,white,purple,white,purple,purple,white,white,white,green
brown,brown,brown,white,brown,white,white,white,white,red,red,green,white,purple,green,white,white,green,red,purple,white,purple,purple,white,white,white,green
brown,brown,brown,white,brown,white,white,white,white,red,white,green,red,purple,green,white,white,green,red,purple,white,purple,purple,white,white,white,green
brown,brown,brown,white,brown,white,white,white,white,white,white,green,red,purple,green,red,red,green,white,purple,white,purple,purple,white,white,white,green
brown,brown,brown,white,brown,white,white,white,white,white,white,green,red,purple,green,red,white,green,white,purple,white,purple,purple,white,red,white,green
brown,brown,brown,white,brown,white,white,white,white,white,white,green,white,purple,green,red,red,green,white,purple,white,purple,purple,white,red,white,green
brown,brown,brown,red,brown,white,red,white,white,white,white,green,red,purple,white,white,white,white,white,purple,green,purple,purple,green,white,white,green
brown,brown,brown,white,brown,red,white,white,red,white,white,green,white,purple,red,white,white,white,white,purple,green,purple,purple,green,white,white,green
brown,brown,brown,white,brown,white,red,red,white,white,white,green,white,purple,white,white,red,white,white,purple,green,purple,purple,green,white,white,green
brown,brown,brown,white,brown,white,white,red,red,white,white,green,white,purple,white,white,red,white,white,purple,green,purple,purple,green,white,white,green
brown,brown,brown,white,brown,white,red,white,white,white,white,green,red,purple,white,red,white,white,white,purple,green,purple,purple,green,white,white,green
brown,brown,brown,white,brown,white,red,white,white,white,white,green,white,purple,white,red,red,white,white,purple,green,purple,purple,green,white,white,green
brown,brown,brown,white,brown,white,white,white,red,white,white,green,white,purple,red,white,white,red,white,purple,green,purple,purple,green,white,white,green
brown,brown,brown,white,brown,white,white,white,red,white,white,green,white,purple,white,white,red,red,white,purple,green,purple,purple,green,white,white,green
brown,brown,brown,white,brown,white,white,white,white,red,red,green,red,purple,white,white,white,white,white,purple,green,purple,purple,green,white,white,green
brown,brown,brown,white,brown,white,white,white,white,red,red,green,white,purple,white,white,white,white,red,purple,green,purple,purple,green,white,white,green
brown,brown,brown,white,brown,white,white,white,white,red,white,green,red,purple,white,white,white,white,red,purple,green,purple,purple,green,white,white,green
brown,brown,brown,white,brown,white,white,white,white,white,white,green,red,purple,white,red,red,white,white,purple,green,purple,purple,green,white,white,green
brown,brown,brown,white,brown,white,white,white,white,white,white,green,red,purple,white,red,white,white,white,purple,green,purple,purple,green,red,white,green
brown,brown,brown,white,brown,white,white,white,white,white,white,green,white,purple,red,white,red,red,white,purple,green,purple,purple,green,white,white,green
brown,brown,brown,white,brown,white,white,white,white,white,white,green,white,purple,white,red,red,white,white,purple,green,purple,purple,green,red,white,green
brown,brown,brown,red,brown,white,red,white,white,white,white,white,red,purple,white,green,green,green,white,purple,white,purple,purple,white,white,white,green
brown,brown,brown,white,brown,red,white,white,red,white,white,white,white,purple,red,green,green,green,white,purple,white,purple,purple,white,white,white,green
brown,brown,brown,white,brown,white,white,white,white,red,red,white,red,purple,white,green,green,green,white,purple,white,purple,purple,white,white,white,green
brown,brown,brown,white,brown,white,white,white,white,red,red,white,white,purple,white,green,green,green,red,purple,white,purple,purple,white,white,white,green
brown,brown,brown,white,brown,white,white,white,white,red,white,white,red,purple,white,green,green,green,red,purple,white,purple,purple,white,white,white,green
brown,brown,brown,white,brown,white,white,white,white,white,red,red,white,purple,red,green,green,green,white,purple,white,purple,purple,white,white,white,green
brown,brown,brown,white,brown,white,white,white,white,white,red,red,white,purple,white,green,green,green,white,purple,red,purple,purple,white,white,white,green
brown,brown,brown,white,brown,white,white,white,white,white,white,red,white,purple,red,green,green,green,white,purple,red,purple,purple,white,white,white,green
brown,brown,brown,white,brown,white,white,white,white,white,white,white,white,purple,red,green,green,green,white,purple,red,purple,purple,red,white,white,green
brown,brown,brown,red,brown,white,red,white,white,white,white,white,red,purple,white,green,white,white,white,purple,white,purple,purple,white,green,green,green
brown,brown,brown,white,brown,red,white,white,red,white,white,white,white,purple,red,green,white,white,white,purple,white,purple,purple,white,green,green,green
brown,brown,brown,white,brown,white,red,red,white,white,white,white,white,purple,white,green,red,white,white,purple,white,purple,purple,white,green,green,green
brown,brown,brown,white,brown,white,white,red,red,white,white,white,white,purple,white,green,red,white,white,purple,white,purple,purple,white,green,green,green
brown,brown,brown,white,brown,white,white,white,red,white,white,white,white,purple,red,green,white,red,white,purple,white,purple,purple,white,green,green,green
brown,brown,brown,white,brown,white,white,white,red,white,white,white,white,purple,white,green,red,red,white,purple,white,purple,purple,white,green,green,green
brown,brown,brown,white,brown,white,white,white,white,red,red,white,red,purple,white,green,white,white,white,purple,white,purple,purple,white,green,green,green
brown,brown,brown,white,brown,white,white,white,white,red,red,white,white,purple,white,green,white,white,red,purple,white,purple,purple,white,green,green,green
brown,brown,brown,white,brown,white,white,white,white,red,white,white,red,purple,white,green,white,white,red,purple,white,purple,purple,white,green,green,green
brown,brown,brown,white,brown,white,white,white,white,white,red,red,white,purple,red,green,white,white,white,purple,white,purple,purple,white,green,green,green
brown,brown,brown,white,brown,white,white,white,white,white,red,red,white,purple,white,green,white,white,white,purple,red,purple,purple,white,green,green,green
brown,brown,brown,white,brown,white,white,white,white,white,white,red,white,purple,red,green,white,white,white,purple,red,purple,purple,white,green,green,green
brown,brown,brown,white,brown,white,white,white,white,white,white,white,white,purple,red,green,red,red,white,purple,white,purple,purple,white,green,green,green
brown,brown,brown,white,brown,white,white,white,white,white,white,white,white,purple,red,green,white,white,white,purple,red,purple,purple,red,green,green,green
brown,brown,brown,red,brown,white,red,white,white,white,white,white,red,purple,white,white,white,green,white,purple,green,purple,purple,green,white,white,green
brown,brown,brown,white,brown,red,white,white,red,white,white,white,white,purple,red,white,white,green,white,purple,green,purple,purple,green,white,white,green
brown,brown,brown,white,brown,white,red,red,white,white,white,white,white,purple,white,white,red,green,white,purple,green,purple,purple,green,white,white,green
brown,brown,brown,white,brown,white,white,red,red,white,white,white,white,purple,white,white,red,green,white,purple,green,purple,purple,green,white,white,green
brown,brown,brown,white,brown,white,red,white,white,white,white,white,red,purple,white,red,white,green,white,purple,green,purple,purple,green,white,white,green
brown,brown,brown,white,brown,white,red,white,white,white,white,white,white,purple,white,red,red,green,white,purple,green,purple,purple,green,white,white,green
brown,brown,brown,white,brown,white,white,white,white,red,red,white,red,purple,white,white,white,green,white,purple,green,purple,purple,green,white,white,green
brown,brown,brown,white,brown,white,white,white,white,red,red,white,white,purple,white,white,white,green,red,purple,green,purple,purple,green,white,white,green
brown,brown,brown,white,brown,white,white,white,white,red,white,white,red,purple,white,white,white,green,red,purple,green,purple,purple,green,white,white,green
brown,brown,brown,white,brown,white,white,white,white,white,red,red,white,purple,red,white,white,green,white,purple,green,purple,purple,green,white,white,green
brown,brown,brown,white,brown,white,white,white,white,white,white,white,red,purple,white,red,red,green,white,purple,green,purple,purple,green,white,white,green
brown,brown,brown,white,brown,white,white,white,white,white,white,white,red,purple,white,red,white,green,white,purple,green,purple,purple,green,red,white,green
brown,brown,brown,white,brown,white,white,white,white,white,white,white,white,purple,white,red,red,green,white,purple,green,purple,purple,green,red,white,green
brown,brown,brown,red,brown,white,red,white,white,white,white,white,red,purple,white,white,white,green,white,purple,white,purple,purple,white,green,green,green
brown,brown,brown,white,brown,red,white,white,red,white,white,white,white,purple,red,white,white,green,white,purple,white,purple,purple,white,green,green,green
brown,brown,brown,white,brown,white,red,red,white,white,white,white,white,purple,white,white,red,green,white,purple,white,purple,purple,white,green,green,green
brown,brown,brown,white,brown,white,white,red,red,white,white,white,white,purple,white,white,red,green,white,purple,white,purple,purple,white,green,green,green
brown,brown,brown,white,brown,white,red,white,white,white,white,white,red,purple,white,red,white,green,white,purple,white,purple,purple,white,green,green,green
brown,brown,brown,white,brown,white,red,white,white,white,white,white,white,purple,white,red,red,green,white,purple,white,purple,purple,white,green,green,green
brown,brown,brown,white,brown,white,white,white,white,red,red,white,red,purple,white,white,white,green,white,purple,white,purple,purple,white,green,green,green
brown,brown,brown,white,brown,white,white,white,white,red,red,white,white,purple,white,white,white,green,red,purple,white,purple,purple,white,green,green,green
brown,brown,brown,white,brown,white,white,white,white,red,white,white,red,purple,white,white,white,green,red,purple,white,purple,purple,white,green,green,green
brown,brown,brown,white,brown,white,white,white,white,white,red,red,white,purple,red,white,white,green,white,purple,white,purple,purple,white,green,green,green
brown,brown,brown,white,brown,white,white,white,white,white,red,red,white,purple,white,white,white,green,white,purple,red,purple,purple,white,green,green,green
brown,brown,brown,white,brown,white,white,white,white,white,white,red,white,purple,red,white,white,green,white,purple,red,purple,purple,white,green,green,green
brown,brown,brown,white,brown,white,white,white,white,white,white,white,red,purple,white,red,red,green,white,purple,white,purple,purple,white,green,green,green
brown,brown,brown,white,brown,white,white,white,white,white,white,white,white,purple,red,white,white,green,white,purple,red,purple,purple,red,green,green,green
brown,brown,brown,red,brown,white,red,white,white,white,white,white,red,purple,white,white,white,white,white,purple,green,purple,purple,green,white,green,green
brown,brown,brown,white,brown,red,white,white,red,white,white,white,white,purple,red,white,white,white,white,purple,green,purple,purple,green,white,green,green
brown,brown,brown,white,brown,white,red,red,white,white,white,white,white,purple,white,white,red,white,white,purple,green,purple,purple,green,white,green,green
brown,brown,brown,white,brown,white,white,red,red,white,white,white,white,purple,white,white,red,white,white,purple,green,purple,purple,green,white,green,green
brown,brown,brown,white,brown,white,red,white,white,white,white,white,red,purple,white,red,white,white,white,purple,green,purple,purple,green,white,green,green
brown,brown,brown,white,brown,white,red,white,white,white,white,white,white,purple,white,red,red,white,white,purple,green,purple,purple,green,white,green,green
brown,brown,brown,white,brown,white,white,white,red,white,white,white,white,purple,red,white,white,red,white,purple,green,purple,purple,green,white,green,green
brown,brown,brown,white,brown,white,white,white,red,white,white,white,white,purple,white,white,red,red,white,purple,green,purple,purple,green,white,green,green
brown,brown,brown,white,brown,white,white,white,white,red,red,white,red,purple,white,white,white,white,white,purple,green,purple,purple,green,white,green,green
brown,brown,brown,white,brown,white,white,white,white,red,red,white,white,purple,white,white,white,white,red,purple,green,purple,purple,green,white,green,green
brown,brown,brown,white,brown,white,white,white,white,red,white,white,red,purple,white,white,white,white,red,purple,green,purple,purple,green,white,green,green
brown,brown,brown,white,brown,white,white,white,white,white,red,red,white,purple,red,white,white,white,white,purple,green,purple,purple,green,white,green,green
brown,brown,brown,white,brown,white,white,white,white,white,white,white,red,purple,white,red,red,white,white,purple,green,purple,purple,green,white,green,green
brown,brown,brown,white,brown,white,white,white,white,white,white,white,red,purple,white,red,white,white,white,purple,green,purple,purple,green,red,green,green
brown,brown,brown,white,brown,white,white,white,white,white,white,white,white,purple,red,white,red,red,white,purple,green,purple,purple,green,white,green,green
brown,brown,brown,white,brown,white,white,white,white,white,white,white,white,purple,white,red,red,white,white,purple,green,purple,purple,green,red,green,green
brown,brown,brown,red,brown,white,red,white,white,white,white,white,red,purple,white,white,white,white,white,purple,white,purple,purple,green,green,green,green
brown,brown,brown,white,brown,red,white,white,red,white,white,white,white,purple,red,white,white,white,white,purple,white,purple,purple,green,green,green,green
brown,brown,brown,white,brown,white,red,red,white,white,white,white,white,purple,white,white,red,white,white,purple,white,purple,purple,green,green,green,green
brown,brown,brown,white,brown,white,white,red,red,white,white,white,white,purple,white,white,red,white,white,purple,white,purple,purple,green,green,green,green
brown,brown,brown,white,brown,white,red,white,white,white,white,white,red,purple,white,red,white,white,white,purple,white,purple,purple,green,green,green,green
brown,brown,brown,white,brown,white,red,white,white,white,white,white,white,purple,white,red,red,white,white,purple,white,purple,purple,green,green,green,green
brown,brown,brown,white,brown,white,white,white,red,white,white,white,white,purple,red,white,white,red,white,purple,white,purple,purple,green,green,green,green
brown,brown,brown,white,brown,white,white,white,red,white,white,white,white,purple,white,white,red,red,white,purple,white,purple,purple,green,green,green,green
brown,brown,brown,white,brown,white,white,white,white,red,red,white,red,purple,white,white,white,white,white,purple,white,purple,purple,green,green,green,green
brown,brown,brown,white,brown,white,white,white,white,red,red,white,white,purple,white,white,white,white,red,purple,white,purple,purple,green,green,green,green
brown,brown,brown,white,brown,white,white,white,white,red,white,white,red,purple,white,white,white,white,red,purple,white,purple,purple,green,green,green,green
brown,brown,brown,white,brown,white,white,white,white,white,red,red,white,purple,red,white,white,white,white,purple,white,purple,purple,green,green,green,green
brown,brown,brown,white,brown,white,white,white,white,white,red,red,white,purple,white,white,white,white,white,purple,red,purple,purple,green,green,green,green
brown,brown,brown,white,brown,white,white,white,white,white,white,red,white,purple,red,white,white,white,white,purple,red,purple,purple,green,green,green,green
brown,brown,brown,white,brown,white,white,white,white,white,white,white,red,purple,white,red,red,white,white,purple,white,purple,purple,green,green,green,green
brown,brown,brown,white,brown,white,white,white,white,white,white,white,white,purple,red,white,red,red,white,purple,white,purple,purple,green,green,green,green
