brown,brown,brown,white,brown,green,green,green,green,white,white,white,white,purple,white,white,white,white,white,purple,white,purple,purple,white,white,white,white
brown,brown,brown,white,brown,white,green,green,green,white,white,white,white,purple,white,white,white,green,white,purple,white,purple,purple,white,white,white,white
brown,brown,brown,green,brown,white,green,white,white,white,white,white,white,purple,white,green,white,white,white,purple,white,purple,purple,white,green,white,white
brown,brown,brown,white,brown,green,white,white,green,white,white,white,white,purple,green,white,white,white,white,purple,white,purple,purple,green,white,white,white
brown,brown,brown,white,brown,green,white,white,green,white,white,white,white,purple,white,white,white,green,white,purple,white,purple,purple,white,white,white,green
brown,brown,brown,white,brown,white,green,green,white,white,white,white,white,purple,white,green,white,white,white,purple,white,purple,purple,white,green,white,white
brown,brown,brown,white,brown,white,green,green,white,white,white,white,white,purple,white,white,green,white,white,purple,white,purple,purple,white,white,green,white
brown,brown,brown,white,brown,white,white,green,green,white,white,white,white,purple,white,white,green,white,white,purple,white,purple,purple,white,white,green,white
brown,brown,brown,white,brown,white,white,green,green,white,white,white,white,purple,white,white,white,green,white,purple,white,purple,purple,white,white,white,green
brown,brown,brown,white,brown,green,white,white,white,white,white,white,white,purple,green,white,white,white,white,purple,green,purple,purple,green,white,white,white
brown,brown,brown,white,brown,green,white,white,white,white,white,white,white,purple,green,white,white,white,white,purple,white,purple,purple,green,white,white,green
brown,brown,brown,white,brown,white,green,white,white,green,white,white,green,purple,white,green,white,white,white,purple,white,purple,purple,white,white,white,white
brown,brown,brown,white,brown,white,green,white,white,white,white,white,white,purple,white,green,green,green,white,purple,white,purple,purple,white,white,white,white
brown,brown,brown,white,brown,white,green,white,white,white,white,white,white,purple,white,green,white,white,white,purple,white,purple,purple,white,green,green,white
brown,brown,brown,white,brown,white,white,green,white,white,white,white,white,purple,white,white,green,white,white,purple,white,purple,purple,white,green,green,white
brown,brown,brown,white,brown,white,white,green,white,white,white,white,white,purple,white,white,green,white,white,purple,white,purple,purple,white,white,green,green
brown,brown,brown,white,brown,white,white,white,green,white,white,green,white,purple,green,white,white,green,white,purple,white,purple,purple,white,white,white,white
brown,brown,brown,white,brown,white,white,white,green,white,white,white,white,purple,white,green,green,green,white,purple,white,purple,purple,white,white,white,white
brown,brown,brown,white,brown,white,white,white,green,white,white,white,white,purple,white,white,white,green,white,purple,white,purple,purple,green,white,white,green
brown,brown,brown,white,brown,white,white,white,green,white,white,white,white,purple,white,white,white,green,white,purple,white,purple,purple,white,white,green,green
brown,brown,brown,white,brown,white,white,white,white,green,green,green,white,purple,white,white,white,white,green,purple,white,purple,purple,white,white,white,white
brown,brown,brown,white,brown,white,white,white,white,green,green,green,white,purple,white,white,white,white,white,purple,green,purple,purple,white,white,white,white
brown,brown,brown,white,brown,white,white,white,white,green,white,white,green,purple,white,green,white,white,green,purple,white,purple,purple,white,white,white,white
brown,brown,brown,white,brown,white,white,white,white,green,white,white,green,purple,white,green,white,white,white,purple,white,purple,purple,white,green,white,white
brown,brown,brown,white,brown,white,white,white,white,white,white,green,white,purple,green,white,white,green,white,purple,green,purple,purple,white,white,white,white
brown,brown,brown,white,brown,white,white,white,white,white,white,green,white,purple,green,white,white,green,white,purple,white,purple,purple,white,white,white,green
brown,brown,brown,white,brown,white,white,white,white,white,white,green,white,purple,white,white,white,white,white,purple,green,purple,purple,green,white,white,green
brown,brown,brown,white,brown,white,white,white,white,white,white,white,white,purple,white,green,green,green,white,purple,white,purple,purple,white,white,white,green
brown,brown,brown,white,brown,white,white,white,white,white,white,white,white,purple,white,green,white,white,white,purple,white,purple,purple,white,green,green,green
brown,brown,brown,white,brown,white,white,white,white,white,white,white,white,purple,white,white,white,green,white,purple,green,purple,purple,green,white,white,green
brown,brown,brown,white,brown,white,white,white,white,white,white,white,white,purple,white,white,white,green,white,purple,white,purple,purple,white,green,green,green
brown,brown,brown,white,brown,white,white,white,white,white,white,white,white,purple,white,white,white,white,white,purple,green,purple,purple,green,white,green,green
brown,brown,brown,white,brown,white,white,white,white,white,white,white,white,purple,white,white,white,white,white,purple,white,purple,purple,green,green,green,green
