brown,brown,brown,blue,brown,green,green,green,green,blue,yellow,yellow,blue,purple,orange,red,red,orange,blue,purple,yellow,purple,purple,yellow,red,orange,orange
brown,brown,brown,blue,brown,green,green,green,green,blue,orange,orange,blue,purple,yellow,red,red,yellow,blue,purple,orange,purple,purple,orange,red,yellow,yellow
brown,brown,brown,blue,brown,yellow,green,yellow,yellow,blue,orange,orange,blue,purple,yellow,green,red,red,blue,purple,orange,purple,purple,orange,green,green,red
brown,brown,brown,blue,brown,orange,green,orange,orange,blue,yellow,yellow,blue,purple,orange,green,red,red,blue,purple,yellow,purple,purple,yellow,green,green,red
brown,brown,brown,blue,brown,yellow,red,yellow,yellow,blue,orange,orange,blue,purple,yellow,red,red,green,blue,purple,orange,purple,purple,orange,green,green,green
brown,brown,brown,blue,brown,orange,red,orange,orange,blue,yellow,yellow,blue,purple,orange,red,red,green,blue,purple,yellow,purple,purple,yellow,green,green,green
