{"directed":false,"multigraph":false,"layoutAlgorithm":"downward","manual":true,"nodeDisplayAttribute":"id","edgeDisplayAttribute":"label","graph":[["__costumes__",{}],["__costumes__,[object Object]",["__costumes__",{}]],["__costumes__,[object Object],__costumes__,[object Object]",["__costumes__,[object Object]",["__costumes__",{}]]],["__costumes__,[object Object],__costumes__,[object Object],__costumes__,[object Object],__costumes__,[object Object]",["__costumes__,[object Object],__costumes__,[object Object]",["__costumes__,[object Object]",["__costumes__",{}]]]]],"nodes":[{"id":1,"style":"filled","color":"white","scale":1.25,"shape":"circle","x":135.78707058184625,"y":391.1911601311526,"fixed":true},{"id":2,"style":"filled","color":"white","scale":1.25,"shape":"circle","x":205.72135124616517,"y":429.02048162347046,"fixed":true},{"id":3,"style":"filled","color":"white","scale":1.25,"shape":"circle","x":277.08050299510546,"y":465.0979387745997,"fixed":true},{"id":4,"style":"filled","color":"white","scale":1.25,"shape":"circle","x":211.89850308006743,"y":364.937664021259,"fixed":true},{"id":5,"style":"filled","color":"white","scale":1.25,"shape":"circle","x":286.17794271101747,"y":398.4488669384566,"fixed":true},{"id":6,"style":"filled","color":"white","scale":1.25,"shape":"circle","x":354.0564657318389,"y":425.9162036485841,"fixed":true},{"id":7,"style":"filled","color":"white","scale":1.25,"shape":"circle","x":296.50117649238786,"y":330.11191564323485,"fixed":true},{"id":8,"style":"filled","color":"white","scale":1.25,"shape":"circle","x":367.57661030438385,"y":360.71239927536067,"fixed":true},{"id":9,"style":"filled","color":"white","scale":1.25,"shape":"circle","x":429.17372706537367,"y":382.9704436688887,"fixed":true},{"id":10,"style":"filled","color":"white","scale":1,"shape":"circle","x":130.3806903123192,"y":304.37817126915127,"fixed":true},{"id":11,"style":"filled","color":"white","scale":1,"shape":"circle","x":195.9815213950452,"y":334.13375030170846,"fixed":true},{"id":12,"style":"filled","color":"white","scale":1,"shape":"circle","x":267.8714975715823,"y":370.4488659384566,"fixed":true},{"id":13,"style":"filled","color":"white","scale":1,"shape":"circle","x":206.76441999699347,"y":269.9680014444682,"fixed":true},{"id":14,"style":"filled","color":"white","scale":1,"shape":"circle","x":278.56189217149534,"y":300.5981743394161,"fixed":true},{"id":15,"style":"filled","color":"white","scale":1,"shape":"circle","x":350.4678621380219,"y":330.77622009870004,"fixed":true},{"id":16,"style":"filled","color":"white","scale":1,"shape":"circle","x":289.21792390714364,"y":231.7634802897335,"fixed":true},{"id":17,"style":"filled","color":"white","scale":1,"shape":"circle","x":361.4480805360438,"y":266.22215009675483,"fixed":true},{"id":18,"style":"filled","color":"white","scale":1,"shape":"circle","x":427.18114434554445,"y":295.52693884387645,"fixed":true},{"id":19,"style":"filled","color":"white","scale":1,"shape":"circle","x":128.43460389993515,"y":216.90097372060805,"fixed":true},{"id":20,"style":"filled","color":"white","scale":1,"shape":"circle","x":190.62315644315532,"y":237.96800044446823,"fixed":true},{"id":21,"style":"filled","color":"white","scale":1,"shape":"circle","x":261.44280960419,"y":268.59817333941623,"fixed":true},{"id":22,"style":"filled","color":"white","scale":1,"shape":"circle","x":208.66428809724113,"y":176.50187924704173,"fixed":true},{"id":23,"style":"filled","color":"white","scale":1,"shape":"circle","x":271.9740784410851,"y":199.7634792897335,"fixed":true},{"id":24,"style":"filled","color":"white","scale":1,"shape":"circle","x":345.87422397913656,"y":234.22214909675498,"fixed":true},{"id":25,"style":"filled","color":"white","scale":1,"shape":"circle","x":281.29163117107305,"y":140.94536044788046,"fixed":true},{"id":26,"style":"filled","color":"white","scale":1,"shape":"circle","x":352.19456069771786,"y":170.94081754570212,"fixed":true},{"id":27,"style":"filled","color":"white","scale":1,"shape":"circle","x":420.6522650840884,"y":201.936340521122,"fixed":true},{"id":"R","shape":"circle","x":-119.37327022280454,"y":109.57628916335943,"fixed":true,"color":"RED","scale":2},{"id":"O","shape":"circle","x":56.626729777195465,"y":221.57628916335943,"fixed":true,"color":"ORANGE","scale":2},{"id":"Y","shape":"circle","x":60.626729777195465,"y":394.57628916335943,"fixed":true,"color":"YELLOW","scale":2},{"id":"G","shape":"circle","x":-26.373270222804535,"y":534.5762891633594,"fixed":true,"color":"green","scale":2},{"id":"B","shape":"circle","x":-188.37327022280454,"y":530.5762891633594,"fixed":true,"color":"blue","scale":2},{"id":"P","shape":"circle","x":-301.37327022280454,"y":390.57628916335943,"fixed":true,"color":"purple","scale":2},{"id":"Br","shape":"circle","x":-298.37327022280454,"y":217.57628916335943,"fixed":true,"color":"brown","scale":1.5},{"id":"Solution#","color":"white","x":278.55364990234375,"y":500.26662923263643,"fixed":true}],"links":[{"source":0,"target":1},{"source":0,"target":3},{"source":0,"target":9},{"source":1,"target":2},{"source":1,"target":4},{"source":1,"target":10},{"source":2,"target":5},{"source":2,"target":11},{"source":3,"target":4},{"source":3,"target":6},{"source":3,"target":12},{"source":4,"target":5},{"source":4,"target":7},{"source":4,"target":13},{"source":5,"target":8},{"source":5,"target":14},{"source":6,"target":7},{"source":6,"target":15},{"source":7,"target":8},{"source":7,"target":16},{"source":8,"target":17},{"source":9,"target":10},{"source":9,"target":12},{"source":9,"target":18},{"source":10,"target":11},{"source":10,"target":13},{"source":10,"target":19},{"source":11,"target":14},{"source":11,"target":20},{"source":12,"target":13},{"source":12,"target":15},{"source":12,"target":21},{"source":13,"target":14},{"source":13,"target":16},{"source":13,"target":22},{"source":14,"target":17},{"source":14,"target":23},{"source":15,"target":16},{"source":15,"target":24},{"source":16,"target":17},{"source":16,"target":25},{"source":17,"target":26},{"source":18,"target":19},{"source":18,"target":21},{"source":19,"target":20},{"source":19,"target":22},{"source":20,"target":23},{"source":21,"target":22},{"source":21,"target":24},{"source":22,"target":23},{"source":22,"target":25},{"source":23,"target":26},{"source":24,"target":25},{"source":25,"target":26},{"source":27,"target":28},{"source":27,"target":29},{"source":27,"target":30},{"source":27,"target":31},{"source":27,"target":32},{"source":27,"target":33},{"source":28,"target":29},{"source":28,"target":30},{"source":28,"target":31},{"source":28,"target":32},{"source":28,"target":33},{"source":29,"target":30},{"source":29,"target":31},{"source":29,"target":32},{"source":29,"target":33},{"source":30,"target":31},{"source":30,"target":32},{"source":30,"target":33},{"source":31,"target":32},{"source":31,"target":33},{"source":32,"target":33}]}