{"directed":false,"multigraph":false,"layoutAlgorithm":"downward","manual":true,"nodeDisplayAttribute":"id","edgeDisplayAttribute":"label","graph":[["__costumes__",{}],["__costumes__,[object Object]",["__costumes__",{}]],["__costumes__,[object Object],__costumes__,[object Object]",["__costumes__,[object Object]",["__costumes__",{}]]],["__costumes__,[object Object],__costumes__,[object Object],__costumes__,[object Object],__costumes__,[object Object]",["__costumes__,[object Object],__costumes__,[object Object]",["__costumes__,[object Object]",["__costumes__",{}]]]],["__costumes__,[object Object],__costumes__,[object Object],__costumes__,[object Object],__costumes__,[object Object],__costumes__,[object Object],__costumes__,[object Object],__costumes__,[object Object],__costumes__,[object Object]",["__costumes__,[object Object],__costumes__,[object Object],__costumes__,[object Object],__costumes__,[object Object]",["__costumes__,[object Object],__costumes__,[object Object]",["__costumes__,[object Object]",["__costumes__",{}]]]]]],"nodes":[{"id":1,"style":"filled","color":"white","scale":1.9,"shape":"circle","x":454.251952752674,"y":492.8411016323849,"fixed":true},{"id":2,"style":"filled","color":"white","scale":1.9,"shape":"circle","x":524.186233416993,"y":530.6704231247027,"fixed":true},{"id":4,"style":"filled","color":"white","scale":1.9,"shape":"circle","x":530.3633852508951,"y":466.58760552249106,"fixed":true},{"id":5,"style":"filled","color":"white","scale":1.9,"shape":"circle","x":604.6428248818452,"y":500.09880843968887,"fixed":true},{"id":10,"style":"filled","color":"white","scale":1.5,"shape":"circle","x":448.84557248314695,"y":406.0281127703833,"fixed":true},{"id":11,"style":"filled","color":"white","scale":1.5,"shape":"circle","x":514.446403565873,"y":435.7836918029407,"fixed":true},{"id":13,"style":"filled","color":"white","scale":1.5,"shape":"circle","x":525.2293021678213,"y":371.61794294570035,"fixed":true},{"id":14,"style":"filled","color":"white","scale":1.5,"shape":"circle","x":597.026774342323,"y":402.24811584064827,"fixed":true}],"links":[{"source":0,"target":1},{"source":0,"target":2},{"source":0,"target":4},{"source":1,"target":3},{"source":1,"target":5},{"source":2,"target":3},{"source":2,"target":6},{"source":3,"target":7},{"source":4,"target":5},{"source":4,"target":6},{"source":5,"target":7},{"source":6,"target":7}]}