{"directed":false,"multigraph":false,"layoutAlgorithm":"downward","manual":true,"nodeDisplayAttribute":"id","edgeDisplayAttribute":"label","graph":[["__costumes__",{}],["__costumes__,[object Object]",["__costumes__",{}]],["__costumes__,[object Object],__costumes__,[object Object]",["__costumes__,[object Object]",["__costumes__",{}]]],["__costumes__,[object Object],__costumes__,[object Object],__costumes__,[object Object],__costumes__,[object Object]",["__costumes__,[object Object],__costumes__,[object Object]",["__costumes__,[object Object]",["__costumes__",{}]]]],["__costumes__,[object Object],__costumes__,[object Object],__costumes__,[object Object],__costumes__,[object Object],__costumes__,[object Object],__costumes__,[object Object],__costumes__,[object Object],__costumes__,[object Object]",["__costumes__,[object Object],__costumes__,[object Object],__costumes__,[object Object],__costumes__,[object Object]",["__costumes__,[object Object],__costumes__,[object Object]",["__costumes__,[object Object]",["__costumes__",{}]]]]],["__costumes__,[object Object],__costumes__,[object Object],__costumes__,[object Object],__costumes__,[object Object],__costumes__,[object Object],__costumes__,[object Object],__costumes__,[object Object],__costumes__,[object Object],__costumes__,[object Object],__costumes__,[object Object],__costumes__,[object Object],__costumes__,[object Object],__costumes__,[object Object],__costumes__,[object Object],__costumes__,[object Object],__costumes__,[object Object]",["__costumes__,[object Object],__costumes__,[object Object],__costumes__,[object Object],__costumes__,[object Object],__costumes__,[object Object],__costumes__,[object Object],__costumes__,[object Object],__costumes__,[object Object]",["__costumes__,[object Object],__costumes__,[object Object],__costumes__,[object Object],__costumes__,[object Object]",["__costumes__,[object Object],__costumes__,[object Object]",["__costumes__,[object Object]",["__costumes__",{}]]]]]]],"nodes":[{"id":1,"style":"filled","color":"white","scale":1.9,"shape":"circle","x":508.27239953001776,"y":644.4005498745723,"fixed":true},{"id":2,"style":"filled","color":"white","scale":1.9,"shape":"circle","x":583.186233416993,"y":622.6704231247027,"fixed":true},{"id":4,"style":"filled","color":"white","scale":1.9,"shape":"circle","x":422.36338525089513,"y":602.587605522491,"fixed":true},{"id":5,"style":"filled","color":"white","scale":1.9,"shape":"circle","x":485.68930315332955,"y":579.3441697678138,"fixed":true},{"id":10,"style":"filled","color":"white","scale":1.5,"shape":"circle","x":511.5890417214282,"y":523.0802367938209,"fixed":true},{"id":11,"style":"filled","color":"white","scale":1.5,"shape":"circle","x":589.2772751479042,"y":510.7632450255969,"fixed":true},{"id":13,"style":"filled","color":"white","scale":1.5,"shape":"circle","x":427.03969645493066,"y":492.8892747328097,"fixed":true},{"id":14,"style":"filled","color":"white","scale":1.5,"shape":"circle","x":491.3910931899793,"y":481.0938494832264,"fixed":true}],"links":[{"source":0,"target":1},{"source":0,"target":2},{"source":0,"target":4},{"source":1,"target":3},{"source":1,"target":5},{"source":2,"target":3},{"source":2,"target":6},{"source":3,"target":7},{"source":4,"target":5},{"source":4,"target":6},{"source":5,"target":7},{"source":6,"target":7}]}