{"directed":false,"multigraph":false,"layoutAlgorithm":"downward","manual":true,"nodeDisplayAttribute":"id","edgeDisplayAttribute":"label","graph":[["__costumes__",{}],["__costumes__,[object Object]",["__costumes__",{}]],["__costumes__,[object Object],__costumes__,[object Object]",["__costumes__,[object Object]",["__costumes__",{}]]],["__costumes__,[object Object],__costumes__,[object Object],__costumes__,[object Object],__costumes__,[object Object]",["__costumes__,[object Object],__costumes__,[object Object]",["__costumes__,[object Object]",["__costumes__",{}]]]]],"nodes":[{"id":1,"style":"filled","color":"white","scale":2,"shape":"circle","x":135.78707058184625,"y":391.1911601311526,"fixed":true},{"id":2,"style":"filled","color":"white","scale":2,"shape":"circle","x":205.72135124616517,"y":429.02048162347046,"fixed":true},{"id":4,"style":"filled","color":"white","scale":2,"shape":"circle","x":211.89850308006743,"y":364.937664021259,"fixed":true},{"id":5,"style":"filled","color":"white","scale":2,"shape":"circle","x":286.17794271101747,"y":398.4488669384566,"fixed":true},{"id":10,"style":"filled","color":"white","scale":1.5,"shape":"circle","x":130.3806903123192,"y":304.37817126915127,"fixed":true},{"id":11,"style":"filled","color":"white","scale":1.5,"shape":"circle","x":195.9815213950452,"y":334.13375030170846,"fixed":true},{"id":13,"style":"filled","color":"white","scale":1.5,"shape":"circle","x":206.76441999699347,"y":269.9680014444682,"fixed":true},{"id":14,"style":"filled","color":"white","scale":1.5,"shape":"circle","x":278.56189217149534,"y":300.5981743394161,"fixed":true},{"id":19,"style":"filled","color":"white","scale":1.5,"shape":"circle","x":128.43460389993515,"y":216.90097372060805,"fixed":true},{"id":20,"style":"filled","color":"white","scale":1.5,"shape":"circle","x":190.62315644315532,"y":237.96800044446823,"fixed":true},{"id":22,"style":"filled","color":"white","scale":1.5,"shape":"circle","x":208.66428809724113,"y":176.50187924704173,"fixed":true},{"id":23,"style":"filled","color":"white","scale":1.5,"shape":"circle","x":271.9740784410851,"y":199.7634792897335,"fixed":true}],"links":[{"source":0,"target":1},{"source":0,"target":2},{"source":0,"target":4},{"source":1,"target":3},{"source":1,"target":5},{"source":2,"target":3},{"source":2,"target":6},{"source":3,"target":7},{"source":4,"target":5},{"source":4,"target":6},{"source":4,"target":8},{"source":5,"target":7},{"source":5,"target":9},{"source":6,"target":7},{"source":6,"target":10},{"source":7,"target":11},{"source":8,"target":9},{"source":8,"target":10},{"source":9,"target":11},{"source":10,"target":11}]}