{"directed":false,"multigraph":false,"layoutAlgorithm":"downward","manual":true,"nodeDisplayAttribute":"id","edgeDisplayAttribute":"label","graph":[["__costumes__",{}],["__costumes__,[object Object]",["__costumes__",{}]],["__costumes__,[object Object],__costumes__,[object Object]",["__costumes__,[object Object]",["__costumes__",{}]]],["__costumes__,[object Object],__costumes__,[object Object],__costumes__,[object Object],__costumes__,[object Object]",["__costumes__,[object Object],__costumes__,[object Object]",["__costumes__,[object Object]",["__costumes__",{}]]]],["__costumes__,[object Object],__costumes__,[object Object],__costumes__,[object Object],__costumes__,[object Object],__costumes__,[object Object],__costumes__,[object Object],__costumes__,[object Object],__costumes__,[object Object]",["__costumes__,[object Object],__costumes__,[object Object],__costumes__,[object Object],__costumes__,[object Object]",["__costumes__,[object Object],__costumes__,[object Object]",["__costumes__,[object Object]",["__costumes__",{}]]]]]],"nodes":[{"id":1,"style":"filled","color":"white","scale":2,"shape":"circle","x":135.78707058184625,"y":391.1911601311526,"fixed":true},{"id":2,"style":"filled","color":"white","scale":2,"shape":"circle","x":205.72135124616517,"y":429.02048162347046,"fixed":true},{"id":3,"shape":"circle","scale":2,"x":269.0159245819009,"y":465.46862290200113},{"id":4,"style":"filled","color":"white","scale":2,"shape":"circle","x":211.89850308006743,"y":364.937664021259,"fixed":true},{"id":5,"style":"filled","color":"white","scale":2,"shape":"circle","x":286.17794271101747,"y":398.4488669384566,"fixed":true},{"id":6,"shape":"circle","scale":2,"x":347.85607350768214,"y":425.8385569840324},{"id":10,"style":"filled","color":"white","scale":1.5,"shape":"circle","x":130.3806903123192,"y":304.37817126915127,"fixed":true},{"id":11,"style":"filled","color":"white","scale":1.5,"shape":"circle","x":195.9815213950452,"y":334.13375030170846,"fixed":true},{"id":12,"shape":"circle","scale":1.5,"x":261.2631474822915,"y":366.1062571793449},{"id":13,"style":"filled","color":"white","scale":1.5,"shape":"circle","x":206.76441999699347,"y":269.9680014444682,"fixed":true},{"id":14,"style":"filled","color":"white","scale":1.5,"shape":"circle","x":278.56189217149534,"y":300.5981743394161,"fixed":true},{"id":15,"shape":"circle","scale":1.5,"x":338.33938039244777,"y":320.73266098793863}],"links":[{"source":0,"target":1},{"source":0,"target":3},{"source":0,"target":6},{"source":1,"target":2},{"source":1,"target":4},{"source":1,"target":7},{"source":2,"target":5},{"source":2,"target":8},{"source":3,"target":4},{"source":3,"target":9},{"source":4,"target":5},{"source":4,"target":10},{"source":5,"target":11},{"source":6,"target":7},{"source":6,"target":9},{"source":7,"target":8},{"source":7,"target":10},{"source":8,"target":11},{"source":9,"target":10},{"source":10,"target":11}]}