{"directed":false,"multigraph":false,"layoutAlgorithm":"downward","manual":true,"nodeDisplayAttribute":"id","edgeDisplayAttribute":"label","graph":[["__costumes__",{}],["__costumes__,[object Object]",["__costumes__",{}]],["__costumes__,[object Object],__costumes__,[object Object]",["__costumes__,[object Object]",["__costumes__",{}]]],["__costumes__,[object Object],__costumes__,[object Object],__costumes__,[object Object],__costumes__,[object Object]",["__costumes__,[object Object],__costumes__,[object Object]",["__costumes__,[object Object]",["__costumes__",{}]]]],["__costumes__,[object Object],__costumes__,[object Object],__costumes__,[object Object],__costumes__,[object Object],__costumes__,[object Object],__costumes__,[object Object],__costumes__,[object Object],__costumes__,[object Object]",["__costumes__,[object Object],__costumes__,[object Object],__costumes__,[object Object],__costumes__,[object Object]",["__costumes__,[object Object],__costumes__,[object Object]",["__costumes__,[object Object]",["__costumes__",{}]]]]]],"nodes":[{"id":1,"style":"filled","color":"white","scale":2,"shape":"circle","x":135.78707058184625,"y":391.1911601311526,"fixed":true},{"id":2,"style":"filled","color":"white","scale":2,"shape":"circle","x":205.72135124616517,"y":429.02048162347046,"fixed":true},{"id":4,"style":"filled","color":"white","scale":2,"shape":"circle","x":211.89850308006743,"y":364.937664021259,"fixed":true},{"id":5,"style":"filled","color":"white","scale":2,"shape":"circle","x":286.17794271101747,"y":398.4488669384566,"fixed":true},{"id":7,"style":"filled","color":"white","scale":2,"shape":"circle","x":296.50117649238786,"y":330.11191564323485,"fixed":true},{"id":8,"style":"filled","color":"white","scale":2,"shape":"circle","x":367.57661030438385,"y":360.21239927536067,"fixed":true},{"id":10,"style":"filled","color":"white","scale":1.5,"shape":"circle","x":130.3806903123192,"y":304.37817126915127,"fixed":true},{"id":11,"style":"filled","color":"white","scale":1.5,"shape":"circle","x":195.9815213950452,"y":334.13375030170846,"fixed":true},{"id":13,"style":"filled","color":"white","scale":1.5,"shape":"circle","x":206.76441999699347,"y":269.9680014444682,"fixed":true},{"id":14,"style":"filled","color":"white","scale":1.5,"shape":"circle","x":274.93323006212034,"y":302.5774223862911,"fixed":true},{"id":16,"style":"filled","color":"white","scale":1.5,"shape":"circle","x":289.21792390714364,"y":231.7634802897335,"fixed":true},{"id":17,"style":"filled","color":"white","scale":1.5,"shape":"circle","x":361.4480805360438,"y":266.22215009675483,"fixed":true}],"links":[{"source":0,"target":1},{"source":0,"target":2},{"source":0,"target":6},{"source":1,"target":3},{"source":1,"target":7},{"source":2,"target":3},{"source":2,"target":4},{"source":2,"target":8},{"source":3,"target":5},{"source":3,"target":9},{"source":4,"target":5},{"source":4,"target":10},{"source":5,"target":11},{"source":6,"target":7},{"source":6,"target":8},{"source":7,"target":9},{"source":8,"target":9},{"source":8,"target":10},{"source":9,"target":11},{"source":10,"target":11}]}