{"directed":false,"multigraph":false,"layoutAlgorithm":"downward","manual":true,"nodeDisplayAttribute":"id","edgeDisplayAttribute":"label","graph":[["__costumes__",{}],["__costumes__,[object Object]",["__costumes__",{}]]],"nodes":[{"id":1,"shape":"circle","style":"filled","color":"white","x":46.999999999413035,"y":339,"fixed":true},{"id":2,"style":"filled","color":"white","x":104.83447883595517,"y":340,"fixed":true,"shape":"circle"},{"id":3,"style":"filled","color":"white","x":163.1222883258855,"y":341,"fixed":true,"shape":"circle"},{"id":4,"style":"filled","color":"white","x":47.16552116348373,"y":282,"fixed":true,"shape":"circle"},{"id":5,"style":"filled","color":"white","x":104,"y":285,"fixed":true,"shape":"circle"},{"id":6,"style":"filled","color":"white","x":161.8344788365162,"y":286,"fixed":true,"shape":"circle"},{"id":7,"style":"filled","color":"white","x":48.87771167411444,"y":226,"fixed":true,"shape":"circle"},{"id":8,"style":"filled","color":"white","x":105.16552116404489,"y":227,"fixed":true,"shape":"circle"},{"id":9,"style":"filled","color":"white","x":162.00000000058697,"y":229,"fixed":true,"shape":"circle"}],"links":[{"source":0,"target":1},{"source":0,"target":3},{"source":1,"target":2},{"source":1,"target":4},{"source":2,"target":5},{"source":3,"target":4},{"source":3,"target":6},{"source":4,"target":5},{"source":4,"target":7},{"source":5,"target":8},{"source":6,"target":7},{"source":7,"target":8}]}